name,brand,description,price,gender,department,section,category,subcategory,sport,sizes,stock,images_default,images_men,images_women,discount,rating,featured
XTRN Dri-Fit Crew T-Shirt,XTRN,Dri-Fit Crew T-Shirt for everyday training and casual wear,799,men,men,Top Wear,T-Shirts,,,S|M|L|XL,65,https://res.cloudinary.com/duvfdxql9/image/upload/v1786963113/XTRN_Dri-Fit_Crew_T-Shirt_2_gsegjk.jpg|https://res.cloudinary.com/duvfdxql9/image/upload/v1786963113/XTRN_Dri-Fit_Crew_T-Shirt_1_xmaxpg.jpg|https://res.cloudinary.com/duvfdxql9/image/upload/v1786963113/XTRN_Dri-Fit_Crew_T-Shirt_3_spey7a.jpg,,,0,0,TRUE
XTRN Performance Polo T-Shirt,XTRN,Performance Polo T-Shirt for everyday training and casual wear,899,men,men,Top Wear,T-Shirts,,,S|M|L|XL,70,https://res.cloudinary.com/duvfdxql9/image/upload/v1786963797/XTRN_Performance_Polo_T-Shirt_1_qak3jd.jpg|https://res.cloudinary.com/duvfdxql9/image/upload/v1786963797/XTRN_Performance_Polo_T-Shirt_3_budifa.jpg|https://res.cloudinary.com/duvfdxql9/image/upload/v1786963797/XTRN_Performance_Polo_T-Shirt_2_gn2xiv.jpg,,,0,0,FALSE
XTRN Classic Crew T-Shirt,XTRN,Classic Crew T-Shirt for everyday training and casual wear,999,men,men,Top Wear,T-Shirts,,,S|M|L|XL,75,https://res.cloudinary.com/duvfdxql9/image/upload/v1786964587/Copy_of_Screenshot_2026-08-17_154730.png_202608171630_fu6yqa.jpg|https://res.cloudinary.com/duvfdxql9/image/upload/v1786964587/Copy_of_Screenshot_2026-08-17_154730.png_202608171631_1_gsqihw.jpg|https://res.cloudinary.com/duvfdxql9/image/upload/v1786964587/Copy_of_Screenshot_2026-08-17_154730.png_202608171631_hu6dbg.jpg,,,0,0,FALSE
XTRN Compression Base Tee,XTRN,Compression Base Tee for everyday training and casual wear,699,men,men,Top Wear,T-Shirts,,,S|M|L|XL,80,https://res.cloudinary.com/duvfdxql9/image/upload/v1787027126/Model_wearing_compression_base_tee_202608180953_fhbr8o.jpg|https://res.cloudinary.com/duvfdxql9/image/upload/v1787027126/Model_wearing_compression_base_tee_202608180954_qgbp6t.jpg|https://res.cloudinary.com/duvfdxql9/image/upload/v1787027126/Model_wearing_compression_base_tee_202608180954_1_bfewbc.jpg,,,0,0,FALSE
XTRN Graphic Logo Tee,XTRN,Graphic Logo Tee for everyday training and casual wear,799,men,men,Top Wear,T-Shirts,,,S|M|L|XL,85,https://res.cloudinary.com/duvfdxql9/image/upload/v1787027782/Model_wearing_logo_tee_202608180957_zzepmy.jpg|https://res.cloudinary.com/duvfdxql9/image/upload/v1787027781/Model_wearing_logo_tee_202608180958_sadvqq.jpg|https://res.cloudinary.com/duvfdxql9/image/upload/v1787027781/Model_wearing_logo_tee_202608180958_1_q87zb5.jpg,,,0,0,TRUE
XTRN Raglan Sleeve T-Shirt,XTRN,Raglan Sleeve T-Shirt for everyday training and casual wear,899,men,men,Top Wear,T-Shirts,,,S|M|L|XL,90,https://res.cloudinary.com/duvfdxql9/image/upload/v1787028006/Fitness_model_wearing_t-shirt_202608181008_nko6vc.jpg|https://res.cloudinary.com/duvfdxql9/image/upload/v1787028005/Fitness_model_wearing_t-shirt_202608181009_u4y147.jpg|https://res.cloudinary.com/duvfdxql9/image/upload/v1787028004/Fitness_model_wearing_t-shirt_202608181009_1_pedvpd.jpg,,,0,0,FALSE
XTRN V-Neck Training Tee,XTRN,V-Neck Training Tee for everyday training and casual wear,999,men,men,Top Wear,T-Shirts,,,S|M|L|XL,95,https://res.cloudinary.com/duvfdxql9/image/upload/v1787028187/Athletic_model_wearing_burgundy_tee_202608181011_wiuhwz.jpg|https://res.cloudinary.com/duvfdxql9/image/upload/v1787028186/Athletic_model_wearing_burgundy_tee_202608181012_xn15qx.jpg|https://res.cloudinary.com/duvfdxql9/image/upload/v1787028185/Athletic_model_wearing_burgundy_tee_202608181012_1_llnfzo.jpg,,,0,0,FALSE
XTRN Henley Casual Tee,XTRN,Henley Casual Tee for everyday training and casual wear,699,men,men,Top Wear,T-Shirts,,,S|M|L|XL,100,https://res.cloudinary.com/duvfdxql9/image/upload/v1787028372/Athletic_model_wearing_burgundy_tee_202608181014_tyljzv.jpg|https://res.cloudinary.com/duvfdxql9/image/upload/v1787028372/Athletic_model_wearing_burgundy_tee_202608181015_ftq32a.jpg|https://res.cloudinary.com/duvfdxql9/image/upload/v1787028371/Athletic_model_wearing_burgundy_tee_202608181015_1_qeyea5.jpg,,,0,0,FALSE
XTRN Mesh Panel Running Tee,XTRN,Mesh Panel Running Tee for everyday training and casual wear,799,men,men,Top Wear,T-Shirts,,,S|M|L|XL,105,https://res.cloudinary.com/duvfdxql9/image/upload/v1787028560/Model_wearing_blue_running_tee_202608181017_mjiv85.jpg|https://res.cloudinary.com/duvfdxql9/image/upload/v1787028559/Model_wearing_blue_running_tee_202608181018_mxuuur.jpg|https://res.cloudinary.com/duvfdxql9/image/upload/v1787028559/Model_wearing_blue_running_tee_202608181018_1_vmxqls.jpg,,,0,0,FALSE
XTRN Oversized Street Tee,XTRN,Oversized Street Tee for everyday training and casual wear,899,men,men,Top Wear,T-Shirts,,,S|M|L|XL,110,https://res.cloudinary.com/duvfdxql9/image/upload/v1787028725/Model_wearing_blue_running_tee_202608181020_zfvquw.jpg|https://res.cloudinary.com/duvfdxql9/image/upload/v1787028723/Model_wearing_blue_running_tee_202608181021_esynes.jpg|https://res.cloudinary.com/duvfdxql9/image/upload/v1787028722/Model_wearing_blue_running_tee_202608181021_1_ovc1ba.jpg,,,0,0,FALSE
XTRN Women's Fitted Crew Tee,XTRN,Women's Fitted Crew Tee for everyday training and casual wear,749,women,women,Top Wear,T-Shirts,,,XS|S|M|L,65,https://res.cloudinary.com/duvfdxql9/image/upload/v1787029151/Model_wearing_fitness_t-shirt_202608181026_gawyqr.jpg|https://res.cloudinary.com/duvfdxql9/image/upload/v1787029128/Model_wearing_fitness_t-shirt_202608181027_cd9xl1.jpg|https://res.cloudinary.com/duvfdxql9/image/upload/v1787029127/Model_wearing_fitness_t-shirt_202608181028_bhd0wm.jpg,,,0,0,FALSE
XTRN Women's Racerback Training Tee,XTRN,Women's Racerback Training Tee for everyday training and casual wear,849,women,women,Top Wear,T-Shirts,,,XS|S|M|L,70,https://res.cloudinary.com/duvfdxql9/image/upload/v1787029334/Model_wearing_training_tee_202608181030_e5iyxz.jpg|https://res.cloudinary.com/duvfdxql9/image/upload/v1787029331/Model_wearing_training_tee_202608181031_jig3tf.jpg|https://res.cloudinary.com/duvfdxql9/image/upload/v1787029330/Model_wearing_training_tee_202608181031_1_fush1m.jpg,,,0,0,TRUE
XTRN Women's Crop Training Tee,XTRN,Women's Crop Training Tee for everyday training and casual wear,949,women,women,Top Wear,T-Shirts,,,XS|S|M|L,75,https://res.cloudinary.com/duvfdxql9/image/upload/v1787029531/Woman_wearing_athletic_crop_tee_202608181034_cgh7rx.jpg|https://res.cloudinary.com/duvfdxql9/image/upload/v1787029528/Woman_wearing_athletic_crop_tee_202608181034_1_umy3in.jpg|https://res.cloudinary.com/duvfdxql9/image/upload/v1787029526/Woman_wearing_athletic_crop_tee_202608181035_juqc9r.jpg,,,0,0,FALSE
XTRN Women's V-Neck Tee,XTRN,Women's V-Neck Tee for everyday training and casual wear,649,women,women,Top Wear,T-Shirts,,,XS|S|M|L,80,https://res.cloudinary.com/duvfdxql9/image/upload/v1787029693/Fitness_model_wearing_V-neck_tee_202608181037_wdgwva.jpg|https://res.cloudinary.com/duvfdxql9/image/upload/v1787029691/Fitness_model_wearing_V-neck_tee_202608181037_1_dohyyp.jpg|https://res.cloudinary.com/duvfdxql9/image/upload/v1787029689/Fitness_model_wearing_V-neck_tee_202608181037_2_mjtvnm.jpg,,,0,0,FALSE
XTRN Women's Mesh Back Running Tee,XTRN,Women's Mesh Back Running Tee for everyday training and casual wear,749,women,women,Top Wear,T-Shirts,,,XS|S|M|L,85,https://res.cloudinary.com/duvfdxql9/image/upload/v1787030007/Athletic_model_wearing_running_tee_202608181042_1_bsi3zc.jpg|https://res.cloudinary.com/duvfdxql9/image/upload/v1787029965/Athletic_model_wearing_running_tee_202608181041_rchw26.jpg|https://res.cloudinary.com/duvfdxql9/image/upload/v1787029964/Athletic_model_wearing_running_tee_202608181041_1_iemziw.jpg,,,0,0,FALSE
XTRN Women's Graphic Print Tee,XTRN,Women's Graphic Print Tee for everyday training and casual wear,849,women,women,Top Wear,T-Shirts,,,XS|S|M|L,90,https://res.cloudinary.com/duvfdxql9/image/upload/v1787030276/Model_wearing_graphic_print_tee_202608181047_ctzxaw.jpg|https://res.cloudinary.com/duvfdxql9/image/upload/v1787030235/Model_wearing_graphic_print_tee_202608181046_ugaznd.jpg|https://res.cloudinary.com/duvfdxql9/image/upload/v1787030233/Model_wearing_graphic_print_tee_202608181046_1_bvjokm.jpg,,,0,0,FALSE
XTRN Women's Scoop Neck Tee,XTRN,Women's Scoop Neck Tee for everyday training and casual wear,949,women,women,Top Wear,T-Shirts,,,XS|S|M|L,95,https://res.cloudinary.com/duvfdxql9/image/upload/v1787030474/Fitness_model_wearing_green_tee_202608181049_kravpl.jpg|https://res.cloudinary.com/duvfdxql9/image/upload/v1787030471/i_want_another_angle_202608181050_czqyj3.jpg|https://res.cloudinary.com/duvfdxql9/image/upload/v1787030470/Fitness_model_wearing_green_tee_202608181050_v1fmoc.jpg,,,0,0,TRUE
XTRN Women's Compression Tee,XTRN,Women's Compression Tee for everyday training and casual wear,649,women,women,Top Wear,T-Shirts,,,XS|S|M|L,100,https://res.cloudinary.com/duvfdxql9/image/upload/v1787030654/Model_wearing_athletic_compressi__202608181052_s5qxbq.jpg|https://res.cloudinary.com/duvfdxql9/image/upload/v1787030648/Model_wearing_athletic_compressi__202608181053_uu3crn.jpg|https://res.cloudinary.com/duvfdxql9/image/upload/v1787030644/Model_wearing_athletic_compressi__202608181053_1_jynt15.jpg,,,0,0,FALSE
XTRN Women's Oversized Tee,XTRN,Women's Oversized Tee for everyday training and casual wear,749,women,women,Top Wear,T-Shirts,,,XS|S|M|L,105,https://res.cloudinary.com/duvfdxql9/image/upload/v1787030819/Model_wearing_oversized_t-shirt_202608181055_a8gg40.jpg|https://res.cloudinary.com/duvfdxql9/image/upload/v1787030817/Model_wearing_oversized_t-shirt_202608181056_enzap7.jpg|https://res.cloudinary.com/duvfdxql9/image/upload/v1787030815/Model_wearing_oversized_t-shirt_202608181056_1_tpgqay.jpg,,,0,0,FALSE
XTRN Women's Ribbed Training Tee,XTRN,Women's Ribbed Training Tee for everyday training and casual wear,849,women,women,Top Wear,T-Shirts,,,XS|S|M|L,110,https://res.cloudinary.com/duvfdxql9/image/upload/v1787031023/Woman_wearing_ribbed_training_tee_202608181058_kn2u0r.jpg|https://res.cloudinary.com/duvfdxql9/image/upload/v1787031017/Woman_wearing_ribbed_training_tee_202608181100_wrxtvg.jpg|https://res.cloudinary.com/duvfdxql9/image/upload/v1787031021/Woman_wearing_ribbed_training_tee_202608181059_mqu1ur.jpg,,,0,0,FALSE
XTRN Classic Muscle Tank,XTRN,Classic Muscle Tank for gym and outdoor training,699,men,men,Top Wear,Tank Tops,,,S|M|L|XL,55,https://res.cloudinary.com/duvfdxql9/image/upload/v1787031479/Athlete_wearing_black_muscle_tank_202608181107_g9beoh.jpg|https://res.cloudinary.com/duvfdxql9/image/upload/v1787031478/Athlete_wearing_black_muscle_tank_202608181107_1_wi5gla.jpg,,,0,0,TRUE
XTRN Performance Tank Top,XTRN,Performance Tank Top for gym and outdoor training,799,men,men,Top Wear,Tank Tops,,,S|M|L|XL,60,https://res.cloudinary.com/duvfdxql9/image/upload/v1787031601/Fitness_model_wearing_tank_top_202608181109_ijcufx.jpg|https://res.cloudinary.com/duvfdxql9/image/upload/v1787031615/Fitness_model_wearing_tank_top_202608181109_1_p6vrbs.jpg,,,0,0,FALSE
XTRN Mesh Panel Tank,XTRN,Mesh Panel Tank for gym and outdoor training,599,men,men,Top Wear,Tank Tops,,,S|M|L|XL,65,https://res.cloudinary.com/duvfdxql9/image/upload/v1787031701/Male_model_wearing_athletic_tank_202608181111_hgfk0f.jpg|https://res.cloudinary.com/duvfdxql9/image/upload/v1787031795/Male_model_wearing_athletic_tank_202608181112_1_wv1bbi.jpg,,,0,0,FALSE
XTRN Ribbed Cotton Tank,XTRN,Ribbed Cotton Tank for gym and outdoor training,699,men,men,Top Wear,Tank Tops,,,S|M|L|XL,70,https://res.cloudinary.com/duvfdxql9/image/upload/v1787031920/Model_wearing_athletic_tank_top_202608181114_fshlqv.jpg|https://res.cloudinary.com/duvfdxql9/image/upload/v1787031916/Model_wearing_athletic_tank_top_202608181115_rspimj.jpg,,,0,0,FALSE
XTRN Dropcut Gym Tank,XTRN,Dropcut Gym Tank for gym and outdoor training,799,men,men,Top Wear,Tank Tops,,,S|M|L|XL,75,https://res.cloudinary.com/duvfdxql9/image/upload/v1787032115/Athletic_model_wearing_gym_tank_202608181118_os8hos.jpg|https://res.cloudinary.com/duvfdxql9/image/upload/v1787032119/Athletic_model_wearing_gym_tank_202608181116_jinsjm.jpg,,,0,0,FALSE
XTRN Stringer Training Tank,XTRN,Stringer Training Tank for gym and outdoor training,599,men,men,Top Wear,Tank Tops,,,S|M|L|XL,80,https://res.cloudinary.com/duvfdxql9/image/upload/v1787032262/Model_wearing_athletic_training___202608181120_ovc6yn.jpg|https://res.cloudinary.com/duvfdxql9/image/upload/v1787032260/Model_wearing_athletic_training___202608181120_1_mkavbs.jpg,,,0,0,FALSE
XTRN Women's Racerback Tank,XTRN,Women's Racerback Tank for gym and outdoor training,649,women,women,Top Wear,Tank Tops,,,XS|S|M|L,55,https://res.cloudinary.com/duvfdxql9/image/upload/v1787032384/Female_model_wearing_athletic_tank_202608181122_gbtp8d.jpg|https://res.cloudinary.com/duvfdxql9/image/upload/v1787032381/Female_model_wearing_athletic_tank_202608181122_1_bi9tri.jpg,,,0,0,TRUE
XTRN Women's Fitted Tank,XTRN,Women's Fitted Tank for gym and outdoor training,749,women,women,Top Wear,Tank Tops,,,XS|S|M|L,60,https://res.cloudinary.com/duvfdxql9/image/upload/v1787032492/Woman_wearing_fitted_athletic_tank_202608181124_tqy0sz.jpg|https://res.cloudinary.com/duvfdxql9/image/upload/v1787032488/Woman_wearing_fitted_athletic_tank_202608181124_1_tncrjw.jpg,,,0,0,FALSE
XTRN Women's Crop Tank,XTRN,Women's Crop Tank for gym and outdoor training,549,women,women,Top Wear,Tank Tops,,,XS|S|M|L,65,https://res.cloudinary.com/duvfdxql9/image/upload/v1787032616/Woman_wearing_athletic_crop_tank_202608181125_qko6ja.jpg|https://res.cloudinary.com/duvfdxql9/image/upload/v1787032612/i_want_backside_202608181126_g8urf4.jpg,,,0,0,FALSE
XTRN Women's Mesh Back Tank,XTRN,Women's Mesh Back Tank for gym and outdoor training,649,women,women,Top Wear,Tank Tops,,,XS|S|M|L,70,https://res.cloudinary.com/duvfdxql9/image/upload/v1787032723/Athletic_woman_wearing_mesh_tank_202608181127_zulvim.jpg|https://res.cloudinary.com/duvfdxql9/image/upload/v1787032720/Athletic_woman_wearing_mesh_tank_202608181128_khng24.jpg,,,0,0,FALSE
XTRN Women's Ribbed Tank,XTRN,Women's Ribbed Tank for gym and outdoor training,749,women,women,Top Wear,Tank Tops,,,XS|S|M|L,75,https://res.cloudinary.com/duvfdxql9/image/upload/v1787032835/Fitness_model_wearing_ribbed_tank_202608181129_q8oind.jpg|https://res.cloudinary.com/duvfdxql9/image/upload/v1787032830/Fitness_model_wearing_ribbed_tank_202608181130_lze3l5.jpg,,,0,0,FALSE
XTRN Women's Scoop Neck Tank,XTRN,Women's Scoop Neck Tank for gym and outdoor training,549,women,women,Top Wear,Tank Tops,,,XS|S|M|L,80,https://res.cloudinary.com/duvfdxql9/image/upload/v1787032999/Fitness_model_wearing_ribbed_tank_202608181132_hbc1st.jpg|https://res.cloudinary.com/duvfdxql9/image/upload/v1787032994/Fitness_model_wearing_ribbed_tank_202608181132_1_nlt6xy.jpg,,,0,0,FALSE
XTRN Essential Hoodie,XTRN,"Essential Hoodie with soft fleece lining, unisex fit",1399,unisex,men|women,Top Wear,Hoodies,,,S|M|L|XL|XXL,45,https://res.cloudinary.com/duvfdxql9/image/upload/v1787033343/Model_wearing_black_hoodie_202608181137_jl9grg.jpg|https://res.cloudinary.com/duvfdxql9/image/upload/v1787033339/Model_wearing_black_hoodie_202608181138_cgsfaw.jpg|https://res.cloudinary.com/duvfdxql9/image/upload/v1787033334/Model_wearing_black_hoodie_202608181138_1_dywf2k.jpg,https://res.cloudinary.com/duvfdxql9/image/upload/v1787033343/Model_wearing_black_hoodie_202608181137_jl9grg.jpg|https://res.cloudinary.com/duvfdxql9/image/upload/v1787033339/Model_wearing_black_hoodie_202608181138_cgsfaw.jpg|https://res.cloudinary.com/duvfdxql9/image/upload/v1787033334/Model_wearing_black_hoodie_202608181138_1_dywf2k.jpg,https://res.cloudinary.com/duvfdxql9/image/upload/v1787042839/Model_wearing_black_hoodie_202608181416_ekpnb4.jpg|https://res.cloudinary.com/duvfdxql9/image/upload/v1787042839/Model_wearing_black_hoodie_202608181416_1_hxzgi2.jpg|https://res.cloudinary.com/duvfdxql9/image/upload/v1787042839/Model_wearing_black_hoodie_202608181417_skg2vi.jpg,0,0,TRUE
XTRN Fleece Zip Hoodie,XTRN,"Fleece Zip Hoodie with soft fleece lining, unisex fit",1499,unisex,men|women,Top Wear,Hoodies,,,S|M|L|XL|XXL,50,https://res.cloudinary.com/duvfdxql9/image/upload/v1787043059/Model_wearing_fleece_zip_hoodie_202608181419_r1zz6k.jpg|https://res.cloudinary.com/duvfdxql9/image/upload/v1787043059/Model_wearing_fleece_zip_hoodie_202608181420_wvpnyb.jpg|https://res.cloudinary.com/duvfdxql9/image/upload/v1787043059/Model_wearing_fleece_zip_hoodie_202608181420_1_z3livi.jpg,https://res.cloudinary.com/duvfdxql9/image/upload/v1787043059/Model_wearing_fleece_zip_hoodie_202608181419_r1zz6k.jpg|https://res.cloudinary.com/duvfdxql9/image/upload/v1787043059/Model_wearing_fleece_zip_hoodie_202608181420_wvpnyb.jpg|https://res.cloudinary.com/duvfdxql9/image/upload/v1787043059/Model_wearing_fleece_zip_hoodie_202608181420_1_z3livi.jpg,https://res.cloudinary.com/duvfdxql9/image/upload/v1787043285/Model_wearing_fleece_zip_hoodie_202608181423_oa3snl.jpg|https://res.cloudinary.com/duvfdxql9/image/upload/v1787043285/Model_wearing_fleece_zip_hoodie_202608181424_kzmik5.jpg|https://res.cloudinary.com/duvfdxql9/image/upload/v1787043285/Model_wearing_fleece_zip_hoodie_202608181424_1_djr48t.jpg,0,0,FALSE
XTRN Pullover Training Hoodie,XTRN,"Pullover Training Hoodie with soft fleece lining, unisex fit",1599,unisex,men|women,Top Wear,Hoodies,,,S|M|L|XL|XXL,55,https://res.cloudinary.com/duvfdxql9/image/upload/v1787043577/Model_wearing_navy_blue_hoodie_202608181426_fmi3ir.jpg|https://res.cloudinary.com/duvfdxql9/image/upload/v1787043575/Model_wearing_navy_blue_hoodie_202608181426_1_vtjmy7.jpg|https://res.cloudinary.com/duvfdxql9/image/upload/v1787043574/Model_wearing_navy_blue_hoodie_202608181427_mulmjc.jpg,https://res.cloudinary.com/duvfdxql9/image/upload/v1787043577/Model_wearing_navy_blue_hoodie_202608181426_fmi3ir.jpg|https://res.cloudinary.com/duvfdxql9/image/upload/v1787043575/Model_wearing_navy_blue_hoodie_202608181426_1_vtjmy7.jpg|https://res.cloudinary.com/duvfdxql9/image/upload/v1787043574/Model_wearing_navy_blue_hoodie_202608181427_mulmjc.jpg,https://res.cloudinary.com/duvfdxql9/image/upload/v1787043574/Model_wearing_navy_blue_hoodie_202608181428_jgsz1r.jpg|https://res.cloudinary.com/duvfdxql9/image/upload/v1787043574/Model_wearing_navy_blue_hoodie_202608181428_1_k9wfxa.jpg|https://res.cloudinary.com/duvfdxql9/image/upload/v1787043573/Model_wearing_navy_blue_hoodie_202608181429_qpa13h.jpg,0,0,FALSE
XTRN Oversized Street Hoodie,XTRN,"Oversized Street Hoodie with soft fleece lining, unisex fit",1299,unisex,men|women,Top Wear,Hoodies,,,S|M|L|XL|XXL,60,https://res.cloudinary.com/duvfdxql9/image/upload/v1787043898/Model_wearing_beige_streetwear_h__202608181433_1_g1bmia.jpg|https://res.cloudinary.com/duvfdxql9/image/upload/v1787043897/Model_wearing_beige_streetwear_h__202608181434_wsshh8.jpg|https://res.cloudinary.com/duvfdxql9/image/upload/v1787043897/Model_wearing_beige_streetwear_h__202608181434_1_jwt6xz.jpg,https://res.cloudinary.com/duvfdxql9/image/upload/v1787043898/Model_wearing_beige_streetwear_h__202608181433_1_g1bmia.jpg|https://res.cloudinary.com/duvfdxql9/image/upload/v1787043897/Model_wearing_beige_streetwear_h__202608181434_wsshh8.jpg|https://res.cloudinary.com/duvfdxql9/image/upload/v1787043897/Model_wearing_beige_streetwear_h__202608181434_1_jwt6xz.jpg,https://res.cloudinary.com/duvfdxql9/image/upload/v1787043899/Model_wearing_beige_streetwear_h__202608181432_fkcbu4.jpg|https://res.cloudinary.com/duvfdxql9/image/upload/v1787043898/Model_wearing_beige_streetwear_h__202608181432_1_grnpeq.jpg,0,0,TRUE
XTRN Tech Fleece Hoodie,XTRN,"Tech Fleece Hoodie with soft fleece lining, unisex fit",1399,unisex,men|women,Top Wear,Hoodies,,,S|M|L|XL|XXL,65,https://res.cloudinary.com/duvfdxql9/image/upload/v1787044938/Model_wearing_tech_fleece_hoodie_202608181448_oadgjh.jpg|https://res.cloudinary.com/duvfdxql9/image/upload/v1787044936/Model_wearing_tech_fleece_hoodie_202608181449_jxdzdl.jpg|https://res.cloudinary.com/duvfdxql9/image/upload/v1787044936/Model_wearing_tech_fleece_hoodie_202608181449_1_avdrgq.jpg,https://res.cloudinary.com/duvfdxql9/image/upload/v1787044938/Model_wearing_tech_fleece_hoodie_202608181448_oadgjh.jpg|https://res.cloudinary.com/duvfdxql9/image/upload/v1787044936/Model_wearing_tech_fleece_hoodie_202608181449_jxdzdl.jpg|https://res.cloudinary.com/duvfdxql9/image/upload/v1787044936/Model_wearing_tech_fleece_hoodie_202608181449_1_avdrgq.jpg,https://res.cloudinary.com/duvfdxql9/image/upload/v1787044936/Model_wearing_tech_fleece_hoodie_202608181450_w1n92l.jpg|https://res.cloudinary.com/duvfdxql9/image/upload/v1787044935/Model_wearing_tech_fleece_hoodie_202608181451_pfowg2.jpg|https://res.cloudinary.com/duvfdxql9/image/upload/v1787044935/Model_wearing_tech_fleece_hoodie_202608181451_1_m6mgie.jpg,0,0,FALSE
XTRN Heavyweight Cotton Hoodie,XTRN,"Heavyweight Cotton Hoodie with soft fleece lining, unisex fit",1499,unisex,men|women,Top Wear,Hoodies,,,S|M|L|XL|XXL,70,https://res.cloudinary.com/duvfdxql9/image/upload/v1787045435/Model_wearing_olive_green_hoodie_202608181455_burnvt.jpg|https://res.cloudinary.com/duvfdxql9/image/upload/v1787045434/Model_wearing_olive_green_hoodie_202608181455_1_eg8l4k.jpg|https://res.cloudinary.com/duvfdxql9/image/upload/v1787045433/Model_wearing_olive_green_hoodie_202608181456_bt8dva.jpg,https://res.cloudinary.com/duvfdxql9/image/upload/v1787045435/Model_wearing_olive_green_hoodie_202608181455_burnvt.jpg|https://res.cloudinary.com/duvfdxql9/image/upload/v1787045434/Model_wearing_olive_green_hoodie_202608181455_1_eg8l4k.jpg|https://res.cloudinary.com/duvfdxql9/image/upload/v1787045433/Model_wearing_olive_green_hoodie_202608181456_bt8dva.jpg,https://res.cloudinary.com/duvfdxql9/image/upload/v1787045433/Model_wearing_olive_green_hoodie_202608181457_aspr90.jpg|https://res.cloudinary.com/duvfdxql9/image/upload/v1787045433/Model_wearing_olive_green_hoodie_202608181459_kvjnn2.jpg|https://res.cloudinary.com/duvfdxql9/image/upload/v1787045432/Model_wearing_olive_green_hoodie_202608181500_nzzot2.jpg,0,0,FALSE
XTRN Sherpa Lined Hoodie,XTRN,"Sherpa Lined Hoodie with soft fleece lining, unisex fit",1599,unisex,men|women,Top Wear,Hoodies,,,S|M|L|XL|XXL,75,https://res.cloudinary.com/duvfdxql9/image/upload/v1787045969/Model_wearing_burgundy_hoodie_202608181504_vea8vc.jpg|https://res.cloudinary.com/duvfdxql9/image/upload/v1787045968/Model_wearing_burgundy_hoodie_202608181505_fkavra.jpg|https://res.cloudinary.com/duvfdxql9/image/upload/v1787045966/Model_wearing_burgundy_hoodie_202608181506_mscvjk.jpg,https://res.cloudinary.com/duvfdxql9/image/upload/v1787045969/Model_wearing_burgundy_hoodie_202608181504_vea8vc.jpg|https://res.cloudinary.com/duvfdxql9/image/upload/v1787045968/Model_wearing_burgundy_hoodie_202608181505_fkavra.jpg|https://res.cloudinary.com/duvfdxql9/image/upload/v1787045966/Model_wearing_burgundy_hoodie_202608181506_mscvjk.jpg,https://res.cloudinary.com/duvfdxql9/image/upload/v1787045965/Model_wearing_burgundy_hoodie_202608181508_fs4nb6.jpg|https://res.cloudinary.com/duvfdxql9/image/upload/v1787045965/Model_wearing_burgundy_hoodie_202608181508_1_erthph.jpg|https://res.cloudinary.com/duvfdxql9/image/upload/v1787045964/Model_wearing_burgundy_hoodie_202608181509_n9xdhs.jpg,0,0,FALSE
XTRN Lightweight Running Hoodie,XTRN,"Lightweight Running Hoodie with soft fleece lining, unisex fit",1299,unisex,men|women,Top Wear,Hoodies,,,S|M|L|XL|XXL,80,https://res.cloudinary.com/duvfdxql9/image/upload/v1787046292/Model_wearing_royal_blue_hoodie_202608181511_odygue.jpg|https://res.cloudinary.com/duvfdxql9/image/upload/v1787046291/Model_wearing_royal_blue_hoodie_202608181512_ih49li.jpg|https://res.cloudinary.com/duvfdxql9/image/upload/v1787046289/Model_wearing_royal_blue_hoodie_202608181512_1_rlia5q.jpg,https://res.cloudinary.com/duvfdxql9/image/upload/v1787046292/Model_wearing_royal_blue_hoodie_202608181511_odygue.jpg|https://res.cloudinary.com/duvfdxql9/image/upload/v1787046291/Model_wearing_royal_blue_hoodie_202608181512_ih49li.jpg|https://res.cloudinary.com/duvfdxql9/image/upload/v1787046289/Model_wearing_royal_blue_hoodie_202608181512_1_rlia5q.jpg,https://res.cloudinary.com/duvfdxql9/image/upload/v1787046288/Model_wearing_royal_blue_hoodie_202608181513_mfsqlw.jpg|https://res.cloudinary.com/duvfdxql9/image/upload/v1787046288/Model_wearing_royal_blue_hoodie_202608181513_1_pkvndw.jpg|https://res.cloudinary.com/duvfdxql9/image/upload/v1787046287/Model_wearing_royal_blue_hoodie_202608181514_zt95fc.jpg,0,0,FALSE
XTRN Essential Sweatshirt,XTRN,"Essential Sweatshirt with soft fleece lining, unisex fit",1299,unisex,men|women,Top Wear,Sweatshirts,,,S|M|L|XL|XXL,50,https://res.cloudinary.com/duvfdxql9/image/upload/v1787047248/Model_wearing_black_sweatshirt_202608181527_gepslx.jpg|https://res.cloudinary.com/duvfdxql9/image/upload/v1787047249/Model_wearing_black_sweatshirt_202608181527_1_ofv7ng.jpg|https://res.cloudinary.com/duvfdxql9/image/upload/v1787047249/Model_wearing_black_sweatshirt_202608181528_jb20yq.jpg,https://res.cloudinary.com/duvfdxql9/image/upload/v1787047248/Model_wearing_black_sweatshirt_202608181527_gepslx.jpg|https://res.cloudinary.com/duvfdxql9/image/upload/v1787047249/Model_wearing_black_sweatshirt_202608181527_1_ofv7ng.jpg|https://res.cloudinary.com/duvfdxql9/image/upload/v1787047249/Model_wearing_black_sweatshirt_202608181528_jb20yq.jpg,https://res.cloudinary.com/duvfdxql9/image/upload/v1787047248/Model_wearing_black_sweatshirt_202608181529_kis0rl.jpg|https://res.cloudinary.com/duvfdxql9/image/upload/v1787047248/Model_wearing_black_sweatshirt_202608181529_1_bwpcq7.jpg|https://res.cloudinary.com/duvfdxql9/image/upload/v1787047248/Model_wearing_black_sweatshirt_202608181530_mvshuq.jpg,0,0,TRUE
XTRN Crew Neck Sweatshirt,XTRN,"Crew Neck Sweatshirt with soft fleece lining, unisex fit",1399,unisex,men|women,Top Wear,Sweatshirts,,,S|M|L|XL|XXL,55,https://res.cloudinary.com/duvfdxql9/image/upload/v1787047556/Model_wearing_crew_neck_sweatshirt_202608181534_2_gsqpia.jpg|https://res.cloudinary.com/duvfdxql9/image/upload/v1787047556/Model_wearing_crew_neck_sweatshirt_202608181535_hztmxp.jpg|https://res.cloudinary.com/duvfdxql9/image/upload/v1787047556/Model_wearing_crew_neck_sweatshirt_202608181535_1_llifhr.jpg,https://res.cloudinary.com/duvfdxql9/image/upload/v1787047556/Model_wearing_crew_neck_sweatshirt_202608181534_2_gsqpia.jpg|https://res.cloudinary.com/duvfdxql9/image/upload/v1787047556/Model_wearing_crew_neck_sweatshirt_202608181535_hztmxp.jpg|https://res.cloudinary.com/duvfdxql9/image/upload/v1787047556/Model_wearing_crew_neck_sweatshirt_202608181535_1_llifhr.jpg,https://res.cloudinary.com/duvfdxql9/image/upload/v1787047556/Model_wearing_crew_neck_sweatshirt_202608181533_xxaziv.jpg|https://res.cloudinary.com/duvfdxql9/image/upload/v1787047556/Model_wearing_crew_neck_sweatshirt_202608181534_phs2ey.jpg|https://res.cloudinary.com/duvfdxql9/image/upload/v1787047556/Model_wearing_crew_neck_sweatshirt_202608181534_1_oy86t8.jpg,0,0,FALSE
XTRN Zip-Up Sweatshirt,XTRN,"Zip-Up Sweatshirt with soft fleece lining, unisex fit",1499,unisex,men|women,Top Wear,Sweatshirts,,,S|M|L|XL|XXL,60,https://res.cloudinary.com/duvfdxql9/image/upload/v1787047962/Model_wearing_navy_zip_sweatshirt_202608181538_nesqgc.jpg|https://res.cloudinary.com/duvfdxql9/image/upload/v1787047960/Model_wearing_navy_zip_sweatshirt_202608181538_1_pruwrq.jpg|https://res.cloudinary.com/duvfdxql9/image/upload/v1787047960/Model_wearing_navy_zip_sweatshirt_202608181539_caxvuw.jpg,https://res.cloudinary.com/duvfdxql9/image/upload/v1787047962/Model_wearing_navy_zip_sweatshirt_202608181538_nesqgc.jpg|https://res.cloudinary.com/duvfdxql9/image/upload/v1787047960/Model_wearing_navy_zip_sweatshirt_202608181538_1_pruwrq.jpg|https://res.cloudinary.com/duvfdxql9/image/upload/v1787047960/Model_wearing_navy_zip_sweatshirt_202608181539_caxvuw.jpg,https://res.cloudinary.com/duvfdxql9/image/upload/v1787047960/Model_wearing_navy_zip_sweatshirt_202608181540_x7zuqc.jpg|https://res.cloudinary.com/duvfdxql9/image/upload/v1787047960/Model_wearing_navy_zip_sweatshirt_202608181541_rnrxeo.jpg|https://res.cloudinary.com/duvfdxql9/image/upload/v1787047960/Model_wearing_navy_zip_sweatshirt_202608181542_bc7twc.jpg,0,0,FALSE
XTRN Oversized Sweatshirt,XTRN,"Oversized Sweatshirt with soft fleece lining, unisex fit",1299,unisex,men|women,Top Wear,Sweatshirts,,,S|M|L|XL|XXL,65,https://res.cloudinary.com/duvfdxql9/image/upload/v1787048543/Model_wearing_oversized_sweatshirt_202608181551_m8awzd.jpg|https://res.cloudinary.com/duvfdxql9/image/upload/v1787048437/Model_wearing_oversized_sweatshirt_202608181549_q3lnmy.jpg|https://res.cloudinary.com/duvfdxql9/image/upload/v1787048437/Model_wearing_oversized_sweatshirt_202608181550_whsr3q.jpg,https://res.cloudinary.com/duvfdxql9/image/upload/v1787048543/Model_wearing_oversized_sweatshirt_202608181551_m8awzd.jpg|https://res.cloudinary.com/duvfdxql9/image/upload/v1787048437/Model_wearing_oversized_sweatshirt_202608181549_q3lnmy.jpg|https://res.cloudinary.com/duvfdxql9/image/upload/v1787048437/Model_wearing_oversized_sweatshirt_202608181550_whsr3q.jpg,https://res.cloudinary.com/duvfdxql9/image/upload/v1787048437/Model_wearing_oversized_sweatshirt_202608181546_hcywzt.jpg|https://res.cloudinary.com/duvfdxql9/image/upload/v1787048437/Model_wearing_oversized_sweatshirt_202608181546_2_fxzny8.jpg|https://res.cloudinary.com/duvfdxql9/image/upload/v1787048437/Model_wearing_oversized_sweatshirt_202608181546_1_xlebd6.jpg,0,0,TRUE
XTRN Tech Fleece Sweatshirt,XTRN,"Tech Fleece Sweatshirt with soft fleece lining, unisex fit",1599,unisex,men|women,Top Wear,Sweatshirts,,,S|M|L|XL|XXL,70,https://res.cloudinary.com/duvfdxql9/image/upload/v1787049388/Model_wearing_tech_fleece_sweats__202608181555_gwqjd8.jpg|https://res.cloudinary.com/duvfdxql9/image/upload/v1787049388/Model_wearing_tech_fleece_sweats__202608181555_1_ge73yx.jpg|https://res.cloudinary.com/duvfdxql9/image/upload/v1787049388/Model_wearing_tech_fleece_sweats__202608181556_flj6dp.jpg,https://res.cloudinary.com/duvfdxql9/image/upload/v1787049388/Model_wearing_tech_fleece_sweats__202608181555_gwqjd8.jpg|https://res.cloudinary.com/duvfdxql9/image/upload/v1787049388/Model_wearing_tech_fleece_sweats__202608181555_1_ge73yx.jpg|https://res.cloudinary.com/duvfdxql9/image/upload/v1787049388/Model_wearing_tech_fleece_sweats__202608181556_flj6dp.jpg,https://res.cloudinary.com/duvfdxql9/image/upload/v1787049388/replace_as_girl_same_product_202608181604_jvnplf.jpg|https://res.cloudinary.com/duvfdxql9/image/upload/v1787049387/replace_as_girl_same_product_202608181604_1_vvogku.jpg|https://res.cloudinary.com/duvfdxql9/image/upload/v1787049388/replace_as_girl_same_product_202608181605_x7bchs.jpg,0,0,FALSE
XTRN Heavyweight Sweatshirt,XTRN,"Heavyweight Sweatshirt with soft fleece lining, unisex fit",1499,unisex,men|women,Top Wear,Sweatshirts,,,S|M|L|XL|XXL,75,https://res.cloudinary.com/duvfdxql9/image/upload/v1787049909/Model_wearing_dark_olive_sweatshirt_202608181614_kaecrg.jpg|https://res.cloudinary.com/duvfdxql9/image/upload/v1787049834/Model_wearing_dark_olive_sweatshirt_202608181611_c6lipi.jpg|https://res.cloudinary.com/duvfdxql9/image/upload/v1787049834/Model_wearing_dark_olive_sweatshirt_202608181611_1_ffqyet.jpg,https://res.cloudinary.com/duvfdxql9/image/upload/v1787049909/Model_wearing_dark_olive_sweatshirt_202608181614_kaecrg.jpg|https://res.cloudinary.com/duvfdxql9/image/upload/v1787049834/Model_wearing_dark_olive_sweatshirt_202608181611_1_ffqyet.jpg,https://res.cloudinary.com/duvfdxql9/image/upload/v1787049834/Model_wearing_dark_olive_sweatshirt_202608181612_f4vq0f.jpg|https://res.cloudinary.com/duvfdxql9/image/upload/v1787049834/Model_wearing_dark_olive_sweatshirt_202608181612_1_wq089s.jpg|https://res.cloudinary.com/duvfdxql9/image/upload/v1787049834/Model_wearing_dark_olive_sweatshirt_202608181613_kcm57d.jpg,0,0,FALSE
XTRN Raglan Sweatshirt,XTRN,"Raglan Sweatshirt with soft fleece lining, unisex fit",1399,unisex,men|women,Top Wear,Sweatshirts,,,S|M|L|XL|XXL,80,https://res.cloudinary.com/duvfdxql9/image/upload/v1787050277/Model_wearing_dark_olive_sweatshirt_202608181619_pkz9je.jpg|https://res.cloudinary.com/duvfdxql9/image/upload/v1787050276/Model_wearing_dark_olive_sweatshirt_202608181620_h0uqjd.jpg|https://res.cloudinary.com/duvfdxql9/image/upload/v1787050276/Model_wearing_dark_olive_sweatshirt_202608181620_1_kws9ox.jpg,https://res.cloudinary.com/duvfdxql9/image/upload/v1787050277/Model_wearing_dark_olive_sweatshirt_202608181619_pkz9je.jpg|https://res.cloudinary.com/duvfdxql9/image/upload/v1787050276/Model_wearing_dark_olive_sweatshirt_202608181620_h0uqjd.jpg|https://res.cloudinary.com/duvfdxql9/image/upload/v1787050276/Model_wearing_dark_olive_sweatshirt_202608181620_1_kws9ox.jpg,https://res.cloudinary.com/duvfdxql9/image/upload/v1787050277/Model_wearing_dark_olive_sweatshirt_202608181617_bcqbnf.jpg|https://res.cloudinary.com/duvfdxql9/image/upload/v1787050276/Model_wearing_dark_olive_sweatshirt_202608181618_juq9ge.jpg|https://res.cloudinary.com/duvfdxql9/image/upload/v1787050277/Model_wearing_dark_olive_sweatshirt_202608181618_1_winubp.jpg,0,0,FALSE
XTRN Vintage Wash Sweatshirt,XTRN,"Vintage Wash Sweatshirt with soft fleece lining, unisex fit",1599,unisex,men|women,Top Wear,Sweatshirts,,,S|M|L|XL|XXL,85,https://res.cloudinary.com/duvfdxql9/image/upload/v1787050625/Model_wearing_vintage_wash_sweat__202608181625_1_ygndmo.jpg|https://res.cloudinary.com/duvfdxql9/image/upload/v1787050625/Model_wearing_vintage_wash_sweat__202608181626_y2dupk.jpg|https://res.cloudinary.com/duvfdxql9/image/upload/v1787050626/Model_wearing_vintage_wash_sweat__202608181625_ivm0il.jpg,https://res.cloudinary.com/duvfdxql9/image/upload/v1787050625/Model_wearing_vintage_wash_sweat__202608181625_1_ygndmo.jpg|https://res.cloudinary.com/duvfdxql9/image/upload/v1787050625/Model_wearing_vintage_wash_sweat__202608181626_y2dupk.jpg|https://res.cloudinary.com/duvfdxql9/image/upload/v1787050626/Model_wearing_vintage_wash_sweat__202608181625_ivm0il.jpg,https://res.cloudinary.com/duvfdxql9/image/upload/v1787050626/Model_wearing_vintage_wash_sweat__202608181624_nrxmt2.jpg|https://res.cloudinary.com/duvfdxql9/image/upload/v1787050625/Model_wearing_vintage_wash_sweat__202608181624_1_dyzrqs.jpg|https://res.cloudinary.com/duvfdxql9/image/upload/v1787050626/Model_wearing_vintage_wash_sweat__202608181625_ivm0il.jpg,0,0,FALSE
XTRN Racerback Sports Bra,XTRN,Racerback Sports Bra for medium-impact training and workouts,699,women,women,Top Wear,Sports Bras,,,XS|S|M|L,60,https://res.cloudinary.com/duvfdxql9/image/upload/v1787052425/Athletic_model_wearing_sports_bra_202608181650_c56qrp.jpg|https://res.cloudinary.com/duvfdxql9/image/upload/v1787052424/Athletic_model_wearing_sports_bra_202608181651_nwfehq.jpg,,,0,0,TRUE
XTRN High Impact Sports Bra,XTRN,High Impact Sports Bra for running and intense training,799,women,women,Top Wear,Sports Bras,,,XS|S|M|L,65,https://res.cloudinary.com/duvfdxql9/image/upload/v1787052424/Fitness_model_wearing_sports_bra_202608181651_eedrld.jpg|https://res.cloudinary.com/duvfdxql9/image/upload/v1787052424/Fitness_model_wearing_sports_bra_202608181652_yidgnr.jpg,,,0,0,FALSE
XTRN Seamless Sports Bra,XTRN,Seamless Sports Bra for everyday training and casual wear,649,women,women,Top Wear,Sports Bras,,,XS|S|M|L,70,https://res.cloudinary.com/duvfdxql9/image/upload/v1787052424/Model_wearing_sports_bra_202608181652_u8oeef.jpg|https://res.cloudinary.com/duvfdxql9/image/upload/v1787052424/Model_wearing_sports_bra_202608181653_motpd9.jpg,,,0,0,FALSE
XTRN Strappy Back Sports Bra,XTRN,Strappy Back Sports Bra for medium-impact training and yoga,749,women,women,Top Wear,Sports Bras,,,XS|S|M|L,75,https://res.cloudinary.com/duvfdxql9/image/upload/v1787052423/Female_model_wearing_sports_bra_202608181653_v9lzrw.jpg|https://res.cloudinary.com/duvfdxql9/image/upload/v1787052423/Female_model_wearing_sports_bra_202608181654_jaxwc9.jpg,,,0,0,TRUE
XTRN Padded Sports Bra,XTRN,Padded Sports Bra for medium-impact training and gym workouts,849,women,women,Top Wear,Sports Bras,,,XS|S|M|L,80,https://res.cloudinary.com/duvfdxql9/image/upload/v1787052423/Woman_wearing_sports_bra_202608181654_gap2xe.jpg|https://res.cloudinary.com/duvfdxql9/image/upload/v1787052423/Woman_wearing_sports_bra_202608181655_qicm3b.jpg,,,0,0,FALSE
XTRN Mesh Panel Sports Bra,XTRN,Mesh Panel Sports Bra for running and outdoor training,699,women,women,Top Wear,Sports Bras,,,XS|S|M|L,85,https://res.cloudinary.com/duvfdxql9/image/upload/v1787052423/Fitness_model_wearing_sports_bra_202608181656_ntibtd.jpg|https://res.cloudinary.com/duvfdxql9/image/upload/v1787052423/Fitness_model_wearing_sports_bra_202608181656_1_nfap4p.jpg,,,0,0,FALSE
XTRN Running Shorts,XTRN,Running Shorts for running and outdoor training,599,men,men,Bottom Wear,Shorts,,,S|M|L|XL,60,https://res.cloudinary.com/duvfdxql9/image/upload/v1787053135/Model_wearing_running_shorts_202608181707_o0xqjf.jpg|https://res.cloudinary.com/duvfdxql9/image/upload/v1787053135/Model_wearing_running_shorts_202608181707_o0xqjf.jpg,,,0,0,TRUE
XTRN Training Shorts,XTRN,Training Shorts for gym and everyday workouts,649,men,men,Bottom Wear,Shorts,,,S|M|L|XL,65,https://res.cloudinary.com/duvfdxql9/image/upload/v1787053286/Model_wearing_training_shorts_202608181710_fl5e7d.jpg|https://res.cloudinary.com/duvfdxql9/image/upload/v1787053286/Model_wearing_training_shorts_202608181711_yonhdw.jpg,,,0,0,FALSE
XTRN Compression Shorts,XTRN,Compression Shorts for high-intensity training,549,men,men,Bottom Wear,Shorts,,,S|M|L|XL,70,https://res.cloudinary.com/duvfdxql9/image/upload/v1787053418/Model_wearing_compression_shorts_202608181712_i1emye.jpg|https://res.cloudinary.com/duvfdxql9/image/upload/v1787053418/Model_wearing_compression_shorts_202608181713_xj2rai.jpg,,,0,0,FALSE
XTRN Basketball Shorts,XTRN,Basketball Shorts with loose fit for court and gym,699,men,men,Bottom Wear,Shorts,,,S|M|L|XL,75,https://res.cloudinary.com/duvfdxql9/image/upload/v1787053533/Model_wearing_basketball_shorts_202608181714_hogu5r.jpg|https://res.cloudinary.com/duvfdxql9/image/upload/v1787053532/Model_wearing_basketball_shorts_202608181715_bp9tnw.jpg,,,0,0,TRUE
XTRN Mesh Gym Shorts,XTRN,Mesh Gym Shorts for breathable everyday training,599,men,men,Bottom Wear,Shorts,,,S|M|L|XL,80,https://res.cloudinary.com/duvfdxql9/image/upload/v1787053675/Athletic_model_wearing_gym_shorts_202608181716_t3xoo7.jpg|https://res.cloudinary.com/duvfdxql9/image/upload/v1787053674/Athletic_model_wearing_gym_shorts_202608181717_wt0dzu.jpg,,,0,0,FALSE
XTRN Cargo Training Shorts,XTRN,Cargo Training Shorts for gym and casual wear,749,men,men,Bottom Wear,Shorts,,,S|M|L|XL,85,https://res.cloudinary.com/duvfdxql9/image/upload/v1787053793/Model_wearing_cargo_shorts_202608181719_psameg.jpg|https://res.cloudinary.com/duvfdxql9/image/upload/v1787053793/Model_wearing_cargo_shorts_202608181719_1_ln9rdu.jpg,,,0,0,FALSE
XTRN Women's Running Shorts,XTRN,Women's Running Shorts for running and outdoor training,549,women,women,Bottom Wear,Shorts,,,XS|S|M|L,60,https://res.cloudinary.com/duvfdxql9/image/upload/v1787053933/Model_wearing_running_shorts_202608181721_ydmrod.jpg|https://res.cloudinary.com/duvfdxql9/image/upload/v1787053933/Model_wearing_running_shorts_202608181721_1_n3amzu.jpg,,,0,0,TRUE
XTRN Women's Bike Shorts,XTRN,Women's Bike Shorts for cycling and gym training,599,women,women,Bottom Wear,Shorts,,,XS|S|M|L,65,https://res.cloudinary.com/duvfdxql9/image/upload/v1787054090/Model_wearing_athletic_bike_shorts_202608181723_b03cjp.jpg|https://res.cloudinary.com/duvfdxql9/image/upload/v1787054089/Model_wearing_athletic_bike_shorts_202608181724_zmxgvz.jpg,,,0,0,FALSE
XTRN Women's Training Shorts,XTRN,Women's Training Shorts for gym and everyday workouts,649,women,women,Bottom Wear,Shorts,,,XS|S|M|L,70,https://res.cloudinary.com/duvfdxql9/image/upload/v1787054211/Model_wearing_training_shorts_202608181726_ozebfs.jpg|https://res.cloudinary.com/duvfdxql9/image/upload/v1787054210/Model_wearing_training_shorts_202608181726_1_tj0hrv.jpg,,,0,0,FALSE
XTRN Women's High-Waist Shorts,XTRN,Women's High-Waist Shorts for yoga and low-impact training,699,women,women,Bottom Wear,Shorts,,,XS|S|M|L,75,https://res.cloudinary.com/duvfdxql9/image/upload/v1787054396/Woman_wearing_athletic_fitness_s__202608181729_ucqr1f.jpg|https://res.cloudinary.com/duvfdxql9/image/upload/v1787054395/Woman_wearing_athletic_fitness_s__202608181729_1_hzlc65.jpg,,,0,0,TRUE
XTRN Women's Mesh Shorts,XTRN,Women's Mesh Shorts for breathable everyday training,599,women,women,Bottom Wear,Shorts,,,XS|S|M|L,80,https://res.cloudinary.com/duvfdxql9/image/upload/v1787054534/Female_model_wearing_mesh_shorts_202608181731_puysht.jpg|https://res.cloudinary.com/duvfdxql9/image/upload/v1787054533/Female_model_wearing_mesh_shorts_202608181732_hwhsau.jpg,,,0,0,FALSE
XTRN Women's Compression Shorts,XTRN,Women's Compression Shorts for high-intensity training,649,women,women,Bottom Wear,Shorts,,,XS|S|M|L,85,https://res.cloudinary.com/duvfdxql9/image/upload/v1787054657/Female_model_wearing_compression__202608181733_tjdwxj.jpg|https://res.cloudinary.com/duvfdxql9/image/upload/v1787054656/Female_model_wearing_compression__202608181734_i8sver.jpg,,,0,0,FALSE
XTRN Jogger Track Pants,XTRN,Jogger Track Pants for gym and everyday training,899,men,men,Bottom Wear,Track Pants,,,S|M|L|XL,60,https://res.cloudinary.com/duvfdxql9/image/upload/v1787055116/Model_wearing_black_track_pants_202608181740_axkcn7.jpg|https://res.cloudinary.com/duvfdxql9/image/upload/v1787055115/Model_wearing_black_track_pants_202608181741_nueezm.jpg,,,0,0,TRUE
XTRN Slim Fit Track Pants,XTRN,Slim Fit Track Pants for training and casual wear,949,men,men,Bottom Wear,Track Pants,,,S|M|L|XL,65,https://res.cloudinary.com/duvfdxql9/image/upload/v1787055327/Model_wearing_navy_track_pants_202608181743_o9no7t.jpg|https://res.cloudinary.com/duvfdxql9/image/upload/v1787055327/Model_wearing_navy_track_pants_202608181743_1_xijxde.jpg,,,0,0,FALSE
XTRN Tapered Training Pants,XTRN,Tapered Training Pants for gym and outdoor training,999,men,men,Bottom Wear,Track Pants,,,S|M|L|XL,70,https://res.cloudinary.com/duvfdxql9/image/upload/v1787055476/Model_wearing_navy_track_pants_202608181747_dpgqn2.jpg|https://res.cloudinary.com/duvfdxql9/image/upload/v1787055475/Model_wearing_navy_track_pants_202608181747_1_qvgdex.jpg,,,0,0,FALSE
XTRN Fleece Track Pants,XTRN,Fleece Track Pants for warmth during training and casual wear,1049,men,men,Bottom Wear,Track Pants,,,S|M|L|XL,75,https://res.cloudinary.com/duvfdxql9/image/upload/v1787055649/Model_wearing_fleece_track_pants_202608181749_wvvmdc.jpg|https://res.cloudinary.com/duvfdxql9/image/upload/v1787055648/Model_wearing_fleece_track_pants_202608181750_dzfkdf.jpg,,,0,0,TRUE
XTRN Cargo Track Pants,XTRN,Cargo Track Pants for training and street style,1099,men,men,Bottom Wear,Track Pants,,,S|M|L|XL,80,https://res.cloudinary.com/duvfdxql9/image/upload/v1787055766/Model_wearing_olive_cargo_pants_202608181752_fod3vk.jpg|https://res.cloudinary.com/duvfdxql9/image/upload/v1787055765/Model_wearing_olive_cargo_pants_202608181752_1_joradd.jpg,,,0,0,FALSE
XTRN Straight Fit Track Pants,XTRN,Straight Fit Track Pants for everyday training and casual wear,899,men,men,Bottom Wear,Track Pants,,,S|M|L|XL,85,https://res.cloudinary.com/duvfdxql9/image/upload/v1787055929/Model_wearing_dark_burgundy_trac__202608181754_y6vj0p.jpg|https://res.cloudinary.com/duvfdxql9/image/upload/v1787055928/Model_wearing_dark_burgundy_trac__202608181754_1_lqmpuw.jpg,,,0,0,FALSE
XTRN Women's Jogger Pants,XTRN,Women's Jogger Pants for gym and everyday training,799,women,women,Bottom Wear,Track Pants,,,XS|S|M|L,60,https://res.cloudinary.com/duvfdxql9/image/upload/v1787056088/Model_wearing_jogger_pants_202608181757_qurp4v.jpg|https://res.cloudinary.com/duvfdxql9/image/upload/v1787056087/Model_wearing_jogger_pants_202608181757_1_ptn9bu.jpg,,,0,0,TRUE
XTRN Women's High-Waist Track Pants,XTRN,Women's High-Waist Track Pants for training and yoga,899,women,women,Bottom Wear,Track Pants,,,XS|S|M|L,65,https://res.cloudinary.com/duvfdxql9/image/upload/v1787056299/Model_wearing_athletic_track_pants_202608181800_ruqugd.jpg|https://res.cloudinary.com/duvfdxql9/image/upload/v1787056298/Model_wearing_athletic_track_pants_202608181801_nus3lc.jpg,,,0,0,FALSE
XTRN Women's Slim Fit Pants,XTRN,Women's Slim Fit Pants for training and casual wear,849,women,women,Bottom Wear,Track Pants,,,XS|S|M|L,70,https://res.cloudinary.com/duvfdxql9/image/upload/v1787056517/Woman_wearing_athletic_fitness_p__202608181803_rnkbsp.jpg|https://res.cloudinary.com/duvfdxql9/image/upload/v1787056516/Woman_wearing_athletic_fitness_p__202608181804_ordrbs.jpg,,,0,0,FALSE
XTRN Women's Fleece Joggers,XTRN,Women's Fleece Joggers for warmth during training and casual wear,949,women,women,Bottom Wear,Track Pants,,,XS|S|M|L,75,https://res.cloudinary.com/duvfdxql9/image/upload/v1787056639/Model_wearing_fleece_joggers_202608181806_wgiq4e.jpg|https://res.cloudinary.com/duvfdxql9/image/upload/v1787056637/Model_wearing_fleece_joggers_202608181807_wznxvh.jpg,,,0,0,TRUE
XTRN Women's Cargo Track Pants,XTRN,Women's Cargo Track Pants for training and street style,999,women,women,Bottom Wear,Track Pants,,,XS|S|M|L,80,https://res.cloudinary.com/duvfdxql9/image/upload/v1787056639/Model_wearing_fleece_joggers_202608181806_wgiq4e.jpg|https://res.cloudinary.com/duvfdxql9/image/upload/v1787056637/Model_wearing_fleece_joggers_202608181807_wznxvh.jpg,,,0,0,FALSE
XTRN Women's Flare Track Pants,XTRN,Women's Flare Track Pants for yoga and casual wear,899,women,women,Bottom Wear,Track Pants,,,XS|S|M|L,85,https://res.cloudinary.com/duvfdxql9/image/upload/v1787056999/Female_model_wearing_track_pants_202608181812_tesrcv.jpg|https://res.cloudinary.com/duvfdxql9/image/upload/v1787056999/Female_model_wearing_track_pants_202608181812_1_vcc3rt.jpg,,,0,0,FALSE
XTRN Long Sleeve Compression Top,XTRN,Long Sleeve Compression Top for high-intensity training,899,men,men,Top Wear,Compression Wear,,,S|M|L|XL,60,https://res.cloudinary.com/duvfdxql9/image/upload/v1787062046/Model_wearing_black_compression_top_202608181936_ary1nk.jpg|https://res.cloudinary.com/duvfdxql9/image/upload/v1787062046/Model_wearing_black_compression_top_202608181937_aljjoc.jpg,,,0,0,TRUE
XTRN Short Sleeve Compression Top,XTRN,Short Sleeve Compression Top for training and running,799,men,men,Top Wear,Compression Wear,,,S|M|L|XL,65,https://res.cloudinary.com/duvfdxql9/image/upload/v1787062162/Model_wearing_compression_top_202608181938_lzvvsj.jpg|https://res.cloudinary.com/duvfdxql9/image/upload/v1787062147/Model_wearing_compression_top_202608181938_1_lshky8.jpg,,,0,0,FALSE
XTRN Compression Leggings,XTRN,Compression Leggings for running and high-intensity training,999,men,men,Bottom Wear,Compression Wear,,,S|M|L|XL,70,https://res.cloudinary.com/duvfdxql9/image/upload/v1787062292/Fitness_model_wearing_compressio__202608181940_mjlopr.jpg|https://res.cloudinary.com/duvfdxql9/image/upload/v1787062292/Fitness_model_wearing_compressio__202608181941_x51jju.jpg,,,0,0,FALSE
XTRN Compression Tights,XTRN,Compression Tights for gym and outdoor training,949,men,men,Bottom Wear,Compression Wear,,,S|M|L|XL,75,https://res.cloudinary.com/duvfdxql9/image/upload/v1787062401/Model_wearing_athletic_compressi__202608181942_u4sicg.jpg|https://res.cloudinary.com/duvfdxql9/image/upload/v1787062401/Model_wearing_athletic_compressi__202608181943_cilahp.jpg,,,0,0,TRUE
XTRN Sleeveless Compression Top,XTRN,Sleeveless Compression Top for gym and strength training,749,men,men,Top Wear,Compression Wear,,,S|M|L|XL,80,https://res.cloudinary.com/duvfdxql9/image/upload/v1787062528/Model_wearing_sleeveless_compres__202608181944_hyofyv.jpg|https://res.cloudinary.com/duvfdxql9/image/upload/v1787062527/Model_wearing_sleeveless_compres__202608181945_v8uyis.jpg,,,0,0,FALSE
XTRN Women's Long Sleeve Compression Top,XTRN,Women's Long Sleeve Compression Top for high-intensity training,849,women,women,Top Wear,Compression Wear,,,XS|S|M|L,60,https://res.cloudinary.com/duvfdxql9/image/upload/v1787062674/Woman_wearing_athletic_compressi__202608181946_dhe6s8.jpg|https://res.cloudinary.com/duvfdxql9/image/upload/v1787062674/Woman_wearing_athletic_compressi__202608181947_bs2uzd.jpg,,,0,0,TRUE
XTRN Women's Compression Leggings,XTRN,Women's Compression Leggings for running and high-intensity training,949,women,women,Bottom Wear,Compression Wear,,,XS|S|M|L,65,https://res.cloudinary.com/duvfdxql9/image/upload/v1787063124/Woman_wearing_athletic_leggings_202608181954_efbnxp.jpg|https://res.cloudinary.com/duvfdxql9/image/upload/v1787063123/Woman_wearing_athletic_leggings_202608181955_p2p4ed.jpg,,,0,0,FALSE
XTRN Women's Compression Tights,XTRN,Women's Compression Tights for gym and outdoor training,899,women,women,Bottom Wear,Compression Wear,,,XS|S|M|L,70,https://res.cloudinary.com/duvfdxql9/image/upload/v1787063425/Woman_wearing_athletic_compressi__202608181959_t3ngwe.jpg|https://res.cloudinary.com/duvfdxql9/image/upload/v1787063407/Woman_wearing_athletic_compressi__202608181959_1_zfwlec.jpg,,,0,0,TRUE
XTRN Women's Sleeveless Compression Top,XTRN,Women's Sleeveless Compression Top for gym and strength training,699,women,women,Top Wear,Compression Wear,,,XS|S|M|L,75,https://res.cloudinary.com/duvfdxql9/image/upload/v1787063544/Model_wearing_royal_blue_top_202608182001_rummxd.jpg|https://res.cloudinary.com/duvfdxql9/image/upload/v1787063543/Model_wearing_royal_blue_top_202608182002_fehuum.jpg,,,0,0,FALSE
XTRN Women's Compression Shorts Base Layer,XTRN,Women's Compression Shorts Base Layer for high-intensity training,649,women,women,Bottom Wear,Compression Wear,,,XS|S|M|L,80,https://res.cloudinary.com/duvfdxql9/image/upload/v1787063746/Fitness_model_wearing_compressio__202608182003_ftpder.jpg|https://res.cloudinary.com/duvfdxql9/image/upload/v1787063745/Fitness_model_wearing_compressio__202608182005_desjfn.jpg,,,0,0,FALSE
XTRN Velocity Run Shoes,XTRN,Lightweight running shoes designed for everyday training and road running,2499,men,men,Footwear,Sports Shoes,Running Shoes,Running,7|8|9|10|11,50,https://res.cloudinary.com/duvfdxql9/image/upload/v1788244815/Running_shoes_product_photo_202609011200_cgusi3.jpg|https://res.cloudinary.com/duvfdxql9/image/upload/v1788244815/Running_shoes_product_photo_202609011200.jpeg_202609011208_z6dfi7.jpg|https://res.cloudinary.com/duvfdxql9/image/upload/v1788244815/Running_shoes_product_photo_202609011209_jn9qxb.jpg,,,10,4.5,TRUE
XTRN Aero Training Shoes,XTRN,Lightweight training shoes designed for gym workouts and daily training,2299,men,men,Footwear,Sports Shoes,Training Shoes,Training,7|8|9|10|11,55,https://res.cloudinary.com/duvfdxql9/image/upload/v1788247657/Training_shoes_product_photography_202609011256_gvyaf7.jpg|https://res.cloudinary.com/duvfdxql9/image/upload/v1788247657/Training_shoes_product_photography_202609011256_1_mrogqj.jpg|https://res.cloudinary.com/duvfdxql9/image/upload/v1788247656/Training_shoes_product_photography_202609011257_pbhtvq.jpg,,,0,4.4,FALSE
XTRN Flex Runner,XTRN,Flexible running shoes with responsive cushioning for everyday runs,2199,men,men,Footwear,Sports Shoes,Running Shoes,Running,7|8|9|10|11,60,https://res.cloudinary.com/duvfdxql9/image/upload/v1788247870/Men_running_shoes_displayed_202609011259_oeit1w.jpg|https://res.cloudinary.com/duvfdxql9/image/upload/v1788247870/Men_running_shoes_displayed_202609011300_n8xvmm.jpg|https://res.cloudinary.com/duvfdxql9/image/upload/v1788247870/Men_running_shoes_displayed_202609011300_1_ow5wan.jpg,,,10,4.3,FALSE
XTRN Sprint Pro Shoes,XTRN,Lightweight performance shoes built for fast running and sprint training,2799,men,men,Footwear,Sports Shoes,Running Shoes,Running,7|8|9|10|11,45,https://res.cloudinary.com/duvfdxql9/image/upload/v1788248132/XTRN_Sprint_Pro_Shoes_running_202609011303_jlzu5c.jpg|https://res.cloudinary.com/duvfdxql9/image/upload/v1788248132/XTRN_Sprint_Pro_Shoes_running_202609011304_kyzyty.jpg|https://res.cloudinary.com/duvfdxql9/image/upload/v1788248132/XTRN_Sprint_Pro_Shoes_running_202609011305_ftluvr.jpg,,,15,4.6,TRUE
XTRN Trail Runner Shoes,XTRN,Durable trail running shoes designed for outdoor running and mixed terrain,2999,men,men,Footwear,Sports Shoes,Trail Shoes,Running,7|8|9|10|11,40,https://res.cloudinary.com/duvfdxql9/image/upload/v1788248418/XTRN_Trail_Runner_Shoes_displayed_202609011308_cbwbht.jpg|https://res.cloudinary.com/duvfdxql9/image/upload/v1788248418/XTRN_Trail_Runner_Shoes_displayed_202609011309_rjpgsg.jpg|https://res.cloudinary.com/duvfdxql9/image/upload/v1788248417/XTRN_Trail_Runner_Shoes_displayed_202609011309_1_mu27us.jpg,,,10,4.5,FALSE
XTRN Street Runner,XTRN,Modern low-profile sneakers designed for everyday streetwear and casual use,1999,men,men,Footwear,Casual Shoes,Lifestyle Sneakers,,7|8|9|10|11,65,https://res.cloudinary.com/duvfdxql9/image/upload/v1788248709/Sneakers_displayed_on_white_back__202609011313_ed5e8r.jpg|https://res.cloudinary.com/duvfdxql9/image/upload/v1788248709/Sneakers_displayed_on_white_back__202609011314_ekxhqb.jpg|https://res.cloudinary.com/duvfdxql9/image/upload/v1788248709/Sneakers_displayed_on_white_back__202609011314_1_rcewxr.jpg,,,0,4.2,FALSE
XTRN Urban Low Sneakers,XTRN,Clean low-top sneakers designed for everyday casual outfits,1899,men,men,Footwear,Casual Shoes,Lifestyle Sneakers,,7|8|9|10|11,70,https://res.cloudinary.com/duvfdxql9/image/upload/v1788248937/XTRN_Urban_Low_Sneakers_product_202609011316_jbhm4n.jpg|https://res.cloudinary.com/duvfdxql9/image/upload/v1788248937/XTRN_Urban_Low_Sneakers_product_202609011317_ghi2ql.jpg|https://res.cloudinary.com/duvfdxql9/image/upload/v1788248937/XTRN_Urban_Low_Sneakers_product_202609011318_ydip37.jpg,,,10,4.3,TRUE
XTRN Classic Court Shoes,XTRN,Classic court-inspired sneakers with a clean everyday design,2099,men,men,Footwear,Casual Shoes,Court Sneakers,,7|8|9|10|11,55,https://res.cloudinary.com/duvfdxql9/image/upload/v1788249112/XTRN_Classic_Court_Shoes_photogr__202609011320_ebnyki.jpg|https://res.cloudinary.com/duvfdxql9/image/upload/v1788249111/XTRN_Classic_Court_Shoes_photogr__202609011321_anajog.jpg|https://res.cloudinary.com/duvfdxql9/image/upload/v1788249111/XTRN_Classic_Court_Shoes_photogr__202609011321_1_mfv0ku.jpg,,,0,4.1,FALSE
XTRN Everyday Sneakers,XTRN,Comfortable everyday sneakers designed for casual wear and daily walking,1799,men,men,Footwear,Casual Shoes,Lifestyle Sneakers,,7|8|9|10|11,75,https://res.cloudinary.com/duvfdxql9/image/upload/v1788249307/Sneakers_on_white_background_202609011324_sg2g5q.jpg|https://res.cloudinary.com/duvfdxql9/image/upload/v1788249253/Sneakers_on_white_background_202609011323_cx3ctv.jpg|https://res.cloudinary.com/duvfdxql9/image/upload/v1788249252/Sneakers_on_white_background_202609011323_1_a6msx2.jpg,,,5,4.4,FALSE
XTRN Minimal Lifestyle Shoes,XTRN,Minimal lifestyle sneakers with a versatile design for everyday casual wear,2199,men,men,Footwear,Casual Shoes,Lifestyle Sneakers,,7|8|9|10|11,50,https://res.cloudinary.com/duvfdxql9/image/upload/v1788249486/Shoes_photographed_on_white_back__202609011327_ybpwfr.jpg|https://res.cloudinary.com/duvfdxql9/image/upload/v1788249485/Shoes_photographed_on_white_back__202609011327_1_j0bon0.jpg|https://res.cloudinary.com/duvfdxql9/image/upload/v1788249485/Shoes_photographed_on_white_back__202609011327_2_q9azv5.jpg,,,10,4.5,TRUE
XTRN Velocity Run Women,XTRN,Lightweight running shoes designed for everyday training and running,2499,women,women,Footwear,Sports Shoes,Running Shoes,Running,5|6|7|8|9,50,https://res.cloudinary.com/duvfdxql9/image/upload/v1788249703/Running_shoes_on_white_background_202609011329_xiiuti.jpg|https://res.cloudinary.com/duvfdxql9/image/upload/v1788249702/Running_shoes_on_white_background_202609011330_wosyzu.jpg|https://res.cloudinary.com/duvfdxql9/image/upload/v1788249702/Running_shoes_on_white_background_202609011331_jhpn9a.jpg,,,10,4.5,TRUE
XTRN Aero Training Women,XTRN,Lightweight training shoes designed for gym workouts and daily training,2299,women,women,Footwear,Sports Shoes,Training Shoes,Training,5|6|7|8|9,55,https://res.cloudinary.com/duvfdxql9/image/upload/v1788249918/XTRN_Aero_Training_Women_shoes_202609011334_gv4cd5.jpg|https://res.cloudinary.com/duvfdxql9/image/upload/v1788249919/XTRN_Aero_Training_Women_shoes_202609011333_rliiwe.jpg|https://res.cloudinary.com/duvfdxql9/image/upload/v1788249917/XTRN_Aero_Training_Women_shoes_202609011335_vh8dfv.jpg,,,0,4.4,FALSE
XTRN Flex Runner Women,XTRN,Flexible running shoes with responsive cushioning for everyday runs,2199,women,women,Footwear,Sports Shoes,Running Shoes,Running,5|6|7|8|9,60,https://res.cloudinary.com/duvfdxql9/image/upload/v1788250078/Running_shoes_displayed_202609011336_rejspg.jpg|https://res.cloudinary.com/duvfdxql9/image/upload/v1788250077/Running_shoes_displayed_202609011337_ojhkvy.jpg|https://res.cloudinary.com/duvfdxql9/image/upload/v1788250076/Running_shoes_displayed_202609011337_1_fdb4b1.jpg,,,10,4.3,FALSE
XTRN Sprint Pro Women,XTRN,Lightweight performance shoes built for fast running and sprint training,2799,women,women,Footwear,Sports Shoes,Running Shoes,Running,5|6|7|8|9,45,https://res.cloudinary.com/duvfdxql9/image/upload/v1788250375/XTRN_Flex_Runner_running_shoes_202609011341_a0v58l.jpg|https://res.cloudinary.com/duvfdxql9/image/upload/v1788250377/XTRN_Flex_Runner_running_shoes_202609011340_h1itcq.jpg|https://res.cloudinary.com/duvfdxql9/image/upload/v1788250372/XTRN_Flex_Runner_running_shoes_202609011342_ocv8rh.jpg,,,15,4.6,TRUE
XTRN Trail Runner Women,XTRN,Durable trail running shoes designed for outdoor running and mixed terrain,2999,women,women,Footwear,Sports Shoes,Trail Shoes,Running,5|6|7|8|9,40,https://res.cloudinary.com/duvfdxql9/image/upload/v1788250691/Running_shoes_on_white_background_202609011345_qilhaj.jpg|https://res.cloudinary.com/duvfdxql9/image/upload/v1788250690/Running_shoes_on_white_background_202609011346_t334dv.jpg|https://res.cloudinary.com/duvfdxql9/image/upload/v1788250690/Running_shoes_on_white_background_202609011347_jsvviy.jpg,,,10,4.5,FALSE
XTRN Street Runner Women,XTRN,Modern low-profile sneakers designed for everyday streetwear and casual use,1999,women,women,Footwear,Casual Shoes,Lifestyle Sneakers,,5|6|7|8|9,65,https://res.cloudinary.com/duvfdxql9/image/upload/v1788250841/XTRN_Trail_Runner_shoes_displayed_202609011349_1_lt7l71.jpg|https://res.cloudinary.com/duvfdxql9/image/upload/v1788250840/XTRN_Trail_Runner_shoes_displayed_202609011350_mfc3dj.jpg|https://res.cloudinary.com/duvfdxql9/image/upload/v1788250839/XTRN_Trail_Runner_shoes_displayed_202609011350_1_hzrkqa.jpg,,,0,4.2,FALSE
XTRN Urban Low Sneakers Women,XTRN,Clean low-top sneakers designed for everyday casual outfits,1899,women,women,Footwear,Casual Shoes,Lifestyle Sneakers,,5|6|7|8|9,70,https://res.cloudinary.com/duvfdxql9/image/upload/v1788251025/Women_lifestyle_sneakers_product__202609011352_qopluu.jpg|https://res.cloudinary.com/duvfdxql9/image/upload/v1788251024/Women_lifestyle_sneakers_product__202609011353_ikmxxd.jpg|https://res.cloudinary.com/duvfdxql9/image/upload/v1788251022/Women_lifestyle_sneakers_product__202609011353_1_vr71y3.jpg,,,10,4.3,TRUE
XTRN Classic Court Women,XTRN,Classic court-inspired sneakers with a clean everyday design,2099,women,women,Footwear,Casual Shoes,Court Sneakers,,5|6|7|8|9,55,https://res.cloudinary.com/duvfdxql9/image/upload/v1788251196/XTRN_Classic_Court_Women_sneakers_202609011355_pkjewg.jpg|https://res.cloudinary.com/duvfdxql9/image/upload/v1788251195/XTRN_Classic_Court_Women_sneakers_202609011355_1_gfeafn.jpg|https://res.cloudinary.com/duvfdxql9/image/upload/v1788251195/XTRN_Classic_Court_Women_sneakers_202609011356_p4bkis.jpg,,,0,4.1,FALSE
XTRN Everyday Sneakers Women,XTRN,Comfortable everyday sneakers designed for casual wear and daily walking,1799,women,women,Footwear,Casual Shoes,Lifestyle Sneakers,,5|6|7|8|9,75,https://res.cloudinary.com/duvfdxql9/image/upload/v1788251379/Women_sneakers_product_photo_202609011358_jsswe5.jpg|https://res.cloudinary.com/duvfdxql9/image/upload/v1788251377/Women_sneakers_product_photo_202609011359_r2dl6n.jpg|https://res.cloudinary.com/duvfdxql9/image/upload/v1788251376/Women_sneakers_product_photo_202609011359_1_cz2tik.jpg,,,5,4.4,FALSE
XTRN Minimal Lifestyle Women,XTRN,Minimal lifestyle sneakers with a versatile design for everyday casual wear,2199,women,women,Footwear,Casual Shoes,Lifestyle Sneakers,,5|6|7|8|9,50,https://res.cloudinary.com/duvfdxql9/image/upload/v1788251498/XTRN_Women_sneakers_product_photo_202609011400_vwkjzt.jpg|https://res.cloudinary.com/duvfdxql9/image/upload/v1788251496/XTRN_Women_sneakers_product_photo_202609011400_1_baxkwz.jpg|https://res.cloudinary.com/duvfdxql9/image/upload/v1788251495/XTRN_Women_sneakers_product_photo_202609011401_jhenyi.jpg,,,10,4.5,TRUE
XTRN Trail Blazer Hiking Boots,XTRN,Rugged waterproof hiking boots built for challenging mountain trails,3299,men,men,Footwear,Hiking Shoes,Hiking Shoes,Hiking,7|8|9|10|11,40,https://res.cloudinary.com/duvfdxql9/image/upload/v1788328120/Creating_hiking_boots_product_image_202609021117_svyjo5.jpg|https://res.cloudinary.com/duvfdxql9/image/upload/v1788328119/Creating_hiking_boots_product_image_202609021118_vzd8z0.jpg|https://res.cloudinary.com/duvfdxql9/image/upload/v1788328119/Creating_hiking_boots_product_image_202609021118_1_drecez.jpg,,,0,4.5,TRUE
XTRN Summit Pro Hiking Shoes,XTRN,Lightweight mid-cut hiking shoes designed for long trail hikes,2999,men,men,Footwear,Hiking Shoes,Hiking Shoes,Hiking,7|8|9|10|11,35,https://res.cloudinary.com/duvfdxql9/image/upload/v1788328271/Hiking_shoes_product_image_202609021120_crclxd.jpg|https://res.cloudinary.com/duvfdxql9/image/upload/v1788328270/Hiking_shoes_product_image_202609021120_1_yjnasn.jpg|https://res.cloudinary.com/duvfdxql9/image/upload/v1788328270/Hiking_shoes_product_image_202609021120_2_kkxmsz.jpg|https://res.cloudinary.com/duvfdxql9/image/upload/v1788328270/Hiking_shoes_product_image_202609021121_bbajfp.jpg,,,10,4.4,FALSE
XTRN Trek Master Waterproof Boots,XTRN,Durable waterproof trekking boots for all-terrain outdoor adventures,3599,men,men,Footwear,Hiking Shoes,Hiking Shoes,Hiking,7|8|9|10|11,30,https://res.cloudinary.com/duvfdxql9/image/upload/v1788328513/Creating_hiking_boots_product_image_202609021123_a93awa.jpg|https://res.cloudinary.com/duvfdxql9/image/upload/v1788328513/Creating_hiking_boots_product_image_202609021124_1_uqdyo0.jpg|https://res.cloudinary.com/duvfdxql9/image/upload/v1788328513/Creating_hiking_boots_product_image_202609021124_cw5qa1.jpg|https://res.cloudinary.com/duvfdxql9/image/upload/v1788328513/Creating_hiking_boots_product_image_202609021125_cee35f.jpg,,,0,4.6,TRUE
XTRN AllTerrain Hiker Men,XTRN,Versatile all-terrain hiking shoes for day hikes and outdoor trails,2799,men,men,Footwear,Hiking Shoes,Hiking Shoes,Hiking,7|8|9|10|11,45,https://res.cloudinary.com/duvfdxql9/image/upload/v1788328639/XTRN_AllTerrain_Hiker_Men_shoe_202609021126_fojzbh.jpg|https://res.cloudinary.com/duvfdxql9/image/upload/v1788328639/XTRN_AllTerrain_Hiker_Men_shoe_202609021126_1_cfpyl4.jpg|https://res.cloudinary.com/duvfdxql9/image/upload/v1788328639/XTRN_AllTerrain_Hiker_Men_shoe_202609021127_dd1iox.jpg,,,15,4.3,FALSE
XTRN Ridge Walker Hiking Shoes,XTRN,Comfortable long-distance hiking shoes with superior ankle support,3199,men,men,Footwear,Hiking Shoes,Hiking Shoes,Hiking,7|8|9|10|11,38,https://res.cloudinary.com/duvfdxql9/image/upload/v1788328830/Creating_hiking_shoes_product_image_202609021128_ehd7ri.jpg|https://res.cloudinary.com/duvfdxql9/image/upload/v1788328829/Creating_hiking_shoes_product_image_202609021128_1_klgeqn.jpg|https://res.cloudinary.com/duvfdxql9/image/upload/v1788328829/Creating_hiking_shoes_product_image_202609021129_a81aiu.jpg,,,0,4.5,FALSE
XTRN Trail Blazer Women Hiking Boots,XTRN,Rugged waterproof hiking boots built for challenging mountain trails,3299,women,women,Footwear,Hiking Shoes,Hiking Shoes,Hiking,5|6|7|8|9,40,https://res.cloudinary.com/duvfdxql9/image/upload/v1788331583/Hiking_boots_product_photography_202609021216_veha0v.jpg|https://res.cloudinary.com/duvfdxql9/image/upload/v1788331555/Hiking_boots_product_photography_202609021214_nxwqkc.jpg|https://res.cloudinary.com/duvfdxql9/image/upload/v1788331555/Hiking_boots_product_photography_202609021215_s47blt.jpg|,,,0,4.5,TRUE
XTRN Summit Pro Women Hiking Shoes,XTRN,Lightweight mid-cut hiking shoes designed for long trail hikes,2999,women,women,Footwear,Hiking Shoes,Hiking Shoes,Hiking,5|6|7|8|9,35,https://res.cloudinary.com/duvfdxql9/image/upload/v1788331744/Hiking_shoes_product_image_202609021217_jv6g3u.jpg|https://res.cloudinary.com/duvfdxql9/image/upload/v1788331743/Hiking_shoes_product_image_202609021218_wkkrc4.jpg|https://res.cloudinary.com/duvfdxql9/image/upload/v1788331743/Hiking_shoes_product_image_202609021218_1_m4tqwq.jpg,,,10,4.4,FALSE
XTRN Trek Master Women Waterproof Boots,XTRN,Durable waterproof trekking boots for all-terrain outdoor adventures,3599,women,women,Footwear,Hiking Shoes,Hiking Shoes,Hiking,5|6|7|8|9,30,https://res.cloudinary.com/duvfdxql9/image/upload/v1788331951/XTRN_Trek_Master_hiking_boots_202609021221_slnd0y.jpg|https://res.cloudinary.com/duvfdxql9/image/upload/v1788331951/XTRN_Trek_Master_hiking_boots_202609021221_1_hdqbtu.jpg|https://res.cloudinary.com/duvfdxql9/image/upload/v1788331951/XTRN_Trek_Master_hiking_boots_202609021222_eefbsr.jpg,,,0,4.6,TRUE
XTRN AllTerrain Women Hiker,XTRN,Versatile all-terrain hiking shoes for day hikes and outdoor trails,2799,women,women,Footwear,Hiking Shoes,Hiking Shoes,Hiking,5|6|7|8|9,45,https://res.cloudinary.com/duvfdxql9/image/upload/v1788332061/Women_hiking_shoe_product_image_202609021223_b3rnzv.jpg|https://res.cloudinary.com/duvfdxql9/image/upload/v1788332060/Women_hiking_shoe_product_image_202609021223_1_upxr5f.jpg|https://res.cloudinary.com/duvfdxql9/image/upload/v1788332060/Women_hiking_shoe_product_image_202609021224_awascn.jpg,,,15,4.3,FALSE
XTRN Ridge Walker Women Hiking Shoes,XTRN,Comfortable long-distance hiking shoes with superior ankle support,3199,women,women,Footwear,Hiking Shoes,Hiking Shoes,Hiking,5|6|7|8|9,38,https://res.cloudinary.com/duvfdxql9/image/upload/v1788338569/Hiking_shoes_product_photography_202609021227_qwiiii.jpg|https://res.cloudinary.com/duvfdxql9/image/upload/v1788338568/Hiking_shoes_product_photography_202609021229_fkzy1t.jpg|https://res.cloudinary.com/duvfdxql9/image/upload/v1788338568/Hiking_shoes_product_photography_202609021411_hpo9co.jpg,,,0,4.5,FALSE
XTRN StormShield Raincoat,XTRN,Lightweight waterproof raincoat with sealed seams for heavy rain protection,2999,unisex,men|women,Jackets,Raincoat,,Outdoor,S|M|L|XL,40,https://res.cloudinary.com/duvfdxql9/image/upload/v1788339080/Model_wearing_black_raincoat_202609021420_wiagtf.jpg|https://res.cloudinary.com/duvfdxql9/image/upload/v1788339080/Model_wearing_black_raincoat_202609021421_vexmtj.jpg,,,0,4.5,TRUE
XTRN AeroRain Packable Jacket,XTRN,Ultra-packable raincoat that folds into its own pocket for easy carrying,2499,unisex,men|women,Jackets,Raincoat,,Outdoor,S|M|L|XL,45,https://res.cloudinary.com/duvfdxql9/image/upload/v1788339236/Model_wearing_XTRN_rain_jacket_202609021422_ukkyrw.jpg|https://res.cloudinary.com/duvfdxql9/image/upload/v1788339236/Model_wearing_XTRN_rain_jacket_202609021423_wiclmy.jpg,,,10,4.4,FALSE
XTRN TrailGuard Rain Jacket,XTRN,Durable trail raincoat with adjustable hood and reflective details,3199,unisex,men|women,Jackets,Raincoat,,Outdoor,S|M|L|XL,35,https://res.cloudinary.com/duvfdxql9/image/upload/v1788339337/Model_wearing_rain_jacket_202609021425_he4npc.jpg|https://res.cloudinary.com/duvfdxql9/image/upload/v1788339337/Model_wearing_rain_jacket_202609021425_1_rn3uwo.jpg,,,0,4.6,TRUE
XTRN Urban Shield Raincoat,XTRN,Sleek waterproof raincoat designed for city wear and rainy commutes,2799,unisex,men|women,Jackets,Raincoat,,Outdoor,S|M|L|XL,50,https://res.cloudinary.com/duvfdxql9/image/upload/v1788339427/Model_wearing_beige_raincoat_202609021426_suahcy.jpg|https://res.cloudinary.com/duvfdxql9/image/upload/v1788339427/Model_wearing_beige_raincoat_202609021426_1_kknotr.jpg,,,15,4.3,FALSE
XTRN ProWet All-Weather Jacket,XTRN,Heavy-duty all-weather rain jacket with breathable waterproof fabric,3499,unisex,men|women,Jackets,Raincoat,,Outdoor,S|M|L|XL,30,https://res.cloudinary.com/duvfdxql9/image/upload/v1788339521/Model_showcasing_apparel_in_studio_202609021428_jemppy.jpg|https://res.cloudinary.com/duvfdxql9/image/upload/v1788339521/Model_showcasing_apparel_in_studio_202609021428_1_a8og77.jpg,,,0,4.7,FALSE
XTRN FlexFit Training Jacket,XTRN,Lightweight zip-up training jacket for gym sessions and warm-up routines,2499,men,men,Jackets,Jackets,Training Jacket,Training,S|M|L|XL,50,https://res.cloudinary.com/duvfdxql9/image/upload/v1788339908/Model_wearing_training_jacket_202609021434_gzcghn.jpg|https://res.cloudinary.com/duvfdxql9/image/upload/v1788339908/Model_wearing_training_jacket_202609021434_gzcghn.jpg,,,0,4.4,TRUE
XTRN AeroWarm Insulated Jacket,XTRN,Insulated jacket with lightweight padding for cold weather workouts,3199,men,men,Jackets,Jackets,Insulated Jacket,Training,S|M|L|XL,35,https://res.cloudinary.com/duvfdxql9/image/upload/v1788340177/Model_wearing_insulated_jacket_202609021437_idelhp.jpg|https://res.cloudinary.com/duvfdxql9/image/upload/v1788340177/Model_wearing_insulated_jacket_202609021439_ire6cd.jpg,,,0,4.6,TRUE
XTRN Pro Track Jacket,XTRN,Classic zip-up track jacket for training warm-ups and casual wear,1999,men,men,Jackets,Jackets,Track Jacket,Training,S|M|L|XL,60,https://res.cloudinary.com/duvfdxql9/image/upload/v1788340263/Model_wearing_XTRN_Pro_track_202609021440_unfv0j.jpg|https://res.cloudinary.com/duvfdxql9/image/upload/v1788340263/Model_wearing_XTRN_Pro_track_202609021440_1_gm79en.jpg,,,15,4.3,FALSE
XTRN FlexFit Women Training Jacket,XTRN,Lightweight zip-up training jacket for gym sessions and warm-up routines,2499,women,women,Jackets,Jackets,Training Jacket,Training,XS|S|M|L,50,https://res.cloudinary.com/duvfdxql9/image/upload/v1788340626/Model_wearing_training_jacket_202609021443_bdn2gz.jpg|https://res.cloudinary.com/duvfdxql9/image/upload/v1788340625/Model_wearing_training_jacket_202609021446_qeqkcz.jpg,,,0,4.4,TRUE
XTRN WindBlock Women Performance Jacket,XTRN,Windproof performance jacket designed for outdoor training and running,2799,women,women,Jackets,Jackets,Windbreaker,Training,XS|S|M|L,45,https://res.cloudinary.com/duvfdxql9/image/upload/v1788340722/Model_wearing_windproof_performa__202609021448_zuhu1o.jpg|https://res.cloudinary.com/duvfdxql9/image/upload/v1788340722/Model_wearing_windproof_performa__202609021448_1_n53m1f.jpg,,,10,4.5,FALSE
XTRN AeroWarm Women Insulated Jacket,XTRN,Insulated jacket with lightweight padding for cold weather workouts,3199,women,women,Jackets,Jackets,Insulated Jacket,Training,XS|S|M|L,35,https://res.cloudinary.com/duvfdxql9/image/upload/v1788340818/Model_wearing_insulated_jacket_202609021449_gra17x.jpg|https://res.cloudinary.com/duvfdxql9/image/upload/v1788340817/Model_wearing_insulated_jacket_202609021450_hosahn.jpg,,,0,4.6,TRUE
XTRN Pro Track Women Jacket,XTRN,Classic zip-up track jacket for training warm-ups and casual wear,1999,women,women,Jackets,Jackets,Track Jacket,Training,XS|S|M|L,60,https://res.cloudinary.com/duvfdxql9/image/upload/v1788340902/Woman_wearing_track_jacket_202609021451_ms3ucr.jpg|https://res.cloudinary.com/duvfdxql9/image/upload/v1788340901/Woman_wearing_track_jacket_202609021451_1_z0gval.jpg,,,15,4.3,FALSE
XTRN ThermaLayer Women Fleece Jacket,XTRN,Warm fleece jacket designed as a thermal layer for cold-weather training,2999,women,women,Jackets,Jackets,Fleece Jacket,Training,XS|S|M|L,40,https://res.cloudinary.com/duvfdxql9/image/upload/v1788341292/Model_wearing_fleece_jacket_202609021453_wsbrdl.jpg|https://res.cloudinary.com/duvfdxql9/image/upload/v1788341291/Model_wearing_fleece_jacket_202609021457_pwomwj.jpg,,,0,4.5,FALSE
XTRN TrailPack 25L Backpack,XTRN,Lightweight 25L hiking and training backpack with padded shoulder straps,1999,unisex,accessories,Bags,Backpacks,Hiking Backpack,Hiking,One Size,40,https://res.cloudinary.com/duvfdxql9/image/upload/v1788341550/XTRN_TrailPack_25L_Backpack_202609021501_bzgrhy.jpg|https://res.cloudinary.com/duvfdxql9/image/upload/v1788341549/XTRN_TrailPack_25L_Backpack_202609021502_szvjtd.jpg|https://res.cloudinary.com/duvfdxql9/image/upload/v1788341549/XTRN_TrailPack_25L_Backpack_202609021502_1_npn82v.jpg,,,0,4.6,TRUE
XTRN GymPro Training Backpack,XTRN,Spacious gym backpack with separate shoe compartment and wet pocket,1799,unisex,accessories,Bags,Backpacks,Gym Backpack,,One Size,50,https://res.cloudinary.com/duvfdxql9/image/upload/v1788341761/Training_backpack_product_photog__202609021503_tbgbk2.jpg|https://res.cloudinary.com/duvfdxql9/image/upload/v1788341760/Training_backpack_product_photog__202609021505_btv1om.jpg|https://res.cloudinary.com/duvfdxql9/image/upload/v1788341759/Training_backpack_product_photog__202609021505_1_iscwng.jpg,,,10,4.4,FALSE
XTRN Urban Runner Backpack,XTRN,Sleek everyday backpack with laptop sleeve and organiser pockets,2299,unisex,accessories,Bags,Backpacks,Laptop Backpack,,One Size,45,https://res.cloudinary.com/duvfdxql9/image/upload/v1788341870/Backpack_product_image_on_white_202609021507_cbtjao.jpg|https://res.cloudinary.com/duvfdxql9/image/upload/v1788341869/Backpack_product_image_on_white_202609021507_1_safyee.jpg|https://res.cloudinary.com/duvfdxql9/image/upload/v1788341868/Backpack_product_image_on_white_202609021507_2_wkukx8.jpg,,,0,4.5,TRUE
XTRN Summit 35L Hiking Pack,XTRN,Large 35L trekking backpack with hydration bladder sleeve and rain cover,2999,unisex,accessories,Bags,Backpacks,Hiking Backpack,Hiking,One Size,30,https://res.cloudinary.com/duvfdxql9/image/upload/v1788341980/Hiking_backpack_product_photography_202609021508_ts8wwh.jpg|https://res.cloudinary.com/duvfdxql9/image/upload/v1788341979/Hiking_backpack_product_photography_202609021509_1_yxsfsu.jpg|https://res.cloudinary.com/duvfdxql9/image/upload/v1788341979/Hiking_backpack_product_photography_202609021509_u1czlb.jpg,,,15,4.7,FALSE
XTRN AeroLite Foldable Backpack,XTRN,Ultra-lightweight foldable backpack for travel and day trips,1499,unisex,accessories,Bags,Backpacks,Foldable Backpack,,One Size,60,https://res.cloudinary.com/duvfdxql9/image/upload/v1788342090/Foldable_backpack_product_image_202609021510_w02pqx.jpg|https://res.cloudinary.com/duvfdxql9/image/upload/v1788342089/Foldable_backpack_product_image_202609021510_1_b8jxsc.jpg|https://res.cloudinary.com/duvfdxql9/image/upload/v1788342087/Foldable_backpack_product_image_202609021511_tge4yf.jpg,,,0,4.3,FALSE
XTRN ProDuffle 40L Gym Bag,XTRN,Large 40L gym duffel bag with separate shoe compartment and water bottle pocket,1999,unisex,accessories,Bags,Duffel Bags,Gym Duffel,,One Size,40,https://res.cloudinary.com/duvfdxql9/image/upload/v1788342280/Gym_bag_product_photography_202609021513_vyzsm9.jpg|https://res.cloudinary.com/duvfdxql9/image/upload/v1788342279/Gym_bag_product_photography_202609021514_qp1uqn.jpg,,,0,4.6,TRUE
XTRN TrailDuffle Outdoor Bag,XTRN,Rugged duffel bag built for hiking trips and outdoor adventures,2299,unisex,accessories,Bags,Duffel Bags,Outdoor Duffel,Hiking,One Size,35,https://res.cloudinary.com/duvfdxql9/image/upload/v1788342367/Creating_XTRN_TrailDuffle_produc__202609021515_p8bpp5.jpg|https://res.cloudinary.com/duvfdxql9/image/upload/v1788342366/Creating_XTRN_TrailDuffle_produc__202609021515_1_ryepak.jpg,,,10,4.5,FALSE
XTRN AeroLite Weekend Duffel,XTRN,Lightweight weekend travel duffel with carry handles and detachable shoulder strap,1799,unisex,accessories,Bags,Duffel Bags,Travel Duffel,,One Size,50,https://res.cloudinary.com/duvfdxql9/image/upload/v1788342471/E-commerce_product_image_of_duffel_202609021517_hxqil8.jpg|https://res.cloudinary.com/duvfdxql9/image/upload/v1788342469/E-commerce_product_image_of_duffel_202609021517_1_umwkzj.jpg,,,0,4.4,TRUE
XTRN Squad Sports Duffel,XTRN,Spacious sports duffel with ventilated compartment for dirty gear and wet clothes,2499,unisex,accessories,Bags,Duffel Bags,Sports Duffel,,One Size,30,https://res.cloudinary.com/duvfdxql9/image/upload/v1788342567/Sports_duffel_bag_product_image_202609021518_ellt64.jpg|https://res.cloudinary.com/duvfdxql9/image/upload/v1788342566/Sports_duffel_bag_product_image_202609021519_mb3s5m.jpg,,,15,4.7,FALSE
XTRN CompactCarry Foldable Duffel,XTRN,Foldable lightweight duffel bag ideal for travel and gym use,1499,unisex,accessories,Bags,Duffel Bags,Foldable Duffel,,One Size,55,https://res.cloudinary.com/duvfdxql9/image/upload/v1788342671/Foldable_duffel_product_image_202609021520_xpmeyq.jpg|https://res.cloudinary.com/duvfdxql9/image/upload/v1788342669/Foldable_duffel_product_image_202609021520_1_pe8hfz.jpg,,,0,4.3,FALSE
XTRN DriFit Running Cap,XTRN,Lightweight moisture-wicking running cap with UV protection and adjustable strap,799,unisex,accessories,Headwear,Caps,Running Cap,Running,One Size,60,https://res.cloudinary.com/duvfdxql9/image/upload/v1788343003/Model_wearing_running_cap_202609021525_znrxmm.jpg|https://res.cloudinary.com/duvfdxql9/image/upload/v1788343000/Model_wearing_running_cap_202609021526_mjifra.jpg|https://res.cloudinary.com/duvfdxql9/image/upload/v1788343001/Model_wearing_running_cap_202609021525_1_emomjg.jpg,,,0,4.5,TRUE
XTRN SnapBack Training Cap,XTRN,Classic snapback cap with structured front panel for gym and casual wear,699,unisex,accessories,Headwear,Caps,Snapback Cap,,One Size,70,https://res.cloudinary.com/duvfdxql9/image/upload/v1788343156/Model_wearing_training_cap_202609021528_pqc6os.jpg|https://res.cloudinary.com/duvfdxql9/image/upload/v1788343154/Model_wearing_training_cap_202609021528_1_fdretj.jpg|https://res.cloudinary.com/duvfdxql9/image/upload/v1788343153/Model_wearing_training_cap_202609021529_gsgvcw.jpg,,,10,4.4,FALSE
XTRN AeroMesh Sports Cap,XTRN,Breathable mesh panel sports cap for outdoor training and hot weather,749,unisex,accessories,Headwear,Caps,Mesh Cap,,One Size,65,https://res.cloudinary.com/duvfdxql9/image/upload/v1788343265/Model_wearing_sports_cap_202609021530_lt6fnh.jpg|https://res.cloudinary.com/duvfdxql9/image/upload/v1788343264/Model_wearing_sports_cap_202609021530_1_rujjgc.jpg|https://res.cloudinary.com/duvfdxql9/image/upload/v1788343305/Model_wearing_sports_cap_202609021531_fuqbtn.jpg,,,0,4.6,TRUE
XTRN Trail Hiker Cap,XTRN,Durable outdoor cap with extended brim for sun protection on trails,849,unisex,accessories,Headwear,Caps,Outdoor Cap,Hiking,One Size,50,https://res.cloudinary.com/duvfdxql9/image/upload/v1788343436/Model_wearing_outdoor_hiking_cap_202609021533_fxxx3i.jpg|https://res.cloudinary.com/duvfdxql9/image/upload/v1788343434/Model_wearing_outdoor_hiking_cap_202609021533_1_ebozgb.jpg|https://res.cloudinary.com/duvfdxql9/image/upload/v1788343433/Model_wearing_outdoor_hiking_cap_202609021533_2_v9edwo.jpg,,,15,4.3,FALSE
XTRN DriFit Sports Headband,XTRN,Moisture-wicking sports headband that keeps sweat away during intense training,399,unisex,accessories,Headwear,Headbands,Sports Headband,,One Size,80,https://res.cloudinary.com/duvfdxql9/image/upload/v1788344135/Model_wearing_sports_headband_202609021544_kyul5h.jpg|https://res.cloudinary.com/duvfdxql9/image/upload/v1788344131/Model_wearing_sports_headband_202609021545_s0bvmx.jpg,,,0,4.5,TRUE
XTRN Wide Grip Training Headband,XTRN,Wide non-slip headband designed for gym workouts and high-intensity training,449,unisex,accessories,Headwear,Headbands,Wide Headband,,One Size,75,https://res.cloudinary.com/duvfdxql9/image/upload/v1788344259/Model_wearing_athletic_training___202609021546_pgsb1f.jpg|https://res.cloudinary.com/duvfdxql9/image/upload/v1788344257/Model_wearing_athletic_training___202609021547_yzianr.jpg,,,10,4.4,FALSE
XTRN Running Sweatband,XTRN,Lightweight thin headband ideal for running and outdoor cardio sessions,349,unisex,accessories,Headwear,Headbands,Running Headband,Running,One Size,90,https://res.cloudinary.com/duvfdxql9/image/upload/v1788344344/Model_wearing_XTRN_running_sweat__202609021548_xa0inc.jpg|https://res.cloudinary.com/duvfdxql9/image/upload/v1788344341/Model_wearing_XTRN_running_sweat__202609021548_1_ozzajo.jpg,,,0,4.3,TRUE
XTRN Yoga Comfort Headband,XTRN,Soft stretchy headband perfect for yoga pilates and low-intensity workouts,499,unisex,accessories,Headwear,Headbands,Yoga Headband,,One Size,70,https://res.cloudinary.com/duvfdxql9/image/upload/v1788344424/Model_wearing_yoga_headband_202609021549_n5gz0l.jpg|https://res.cloudinary.com/duvfdxql9/image/upload/v1788344423/Model_wearing_yoga_headband_202609021550_knkokr.jpg,,,15,4.6,FALSE
XTRN Pro Elite Headband,XTRN,Performance headband with silicone grip strip to stay in place during any sport,549,unisex,accessories,Headwear,Headbands,Performance Headband,,One Size,65,https://res.cloudinary.com/duvfdxql9/image/upload/v1788344512/Man_wearing_athletic_headband_202609021551_xriena.jpg|https://res.cloudinary.com/duvfdxql9/image/upload/v1788344510/Man_wearing_athletic_headband_202609021551_1_gnjrti.jpg,,,0,4.7,FALSE
XTRN HydroFlow 750ml Bottle,XTRN,Lightweight BPA-free 750ml water bottle with leak-proof flip lid for training,699,unisex,accessories,Hydration,Water Bottles,Sports Bottle,,One Size,60,https://res.cloudinary.com/duvfdxql9/image/upload/v1788344828/Product_image_of_water_bottle_202609021554_zxvzcm.jpg,,,0,4.6,TRUE
XTRN ThermoSip Insulated Bottle,XTRN,Double-wall insulated bottle that keeps water cold for 24 hours,1199,unisex,accessories,Hydration,Water Bottles,Insulated Bottle,,One Size,50,https://res.cloudinary.com/duvfdxql9/image/upload/v1788344826/Insulated_bottle_product_photogr__202609021555_ofisjk.jpg,,,10,4.7,FALSE
XTRN SqueezeRun 500ml Bottle,XTRN,Soft squeeze 500ml running bottle designed to fit in race vests and belt pouches,799,unisex,accessories,Hydration,Water Bottles,Running Bottle,Running,One Size,70,https://res.cloudinary.com/duvfdxql9/image/upload/v1788344824/XTRN_SqueezeRun_500ml_Bottle_202609021555_guujaa.jpg,,,0,4.4,TRUE
XTRN TrailPack 1L Hydration Bottle,XTRN,Large 1 litre wide-mouth bottle ideal for hiking and long outdoor sessions,899,unisex,accessories,Hydration,Water Bottles,Hiking Bottle,Hiking,One Size,55,https://res.cloudinary.com/duvfdxql9/image/upload/v1788344823/Hydration_bottle_product_photogr__202609021556_ljidj6.jpg,,,15,4.5,FALSE
XTRN ProShaker Gym Bottle,XTRN,500ml shaker bottle with mixing ball and protein powder storage compartment,999,unisex,accessories,Hydration,Water Bottles,Shaker Bottle,,One Size,65,https://res.cloudinary.com/duvfdxql9/image/upload/v1788344823/XTRN_ProShaker_Gym_Bottle_202609021556_aib4th.jpg,,,0,4.3,FALSE
XTRN ClassicShield Sunglasses,XTRN,Classic UV400 sunglasses with lightweight frame for everyday casual wear,999,unisex,accessories,Sun & Eyewear,Sunglasses,Classic Sunglasses,,One Size,50,https://res.cloudinary.com/duvfdxql9/image/upload/v1788345355/XTRN_ClassicShield_Sunglasses_pr__202609021603_mmoi9f.jpg,,,0,4.5,TRUE
XTRN UrbanPolarized Sunglasses,XTRN,Polarized lens sunglasses that reduce glare for outdoor and city use,1299,unisex,accessories,Sun & Eyewear,Sunglasses,Polarized Sunglasses,,One Size,45,https://res.cloudinary.com/duvfdxql9/image/upload/v1788345354/RetroRun_Sunglasses_product_image_202609021604_f1ilxh.jpg,,,10,4.6,FALSE
XTRN RetroRun Sunglasses,XTRN,Retro-style UV400 sunglasses with durable lightweight frame,1099,unisex,accessories,Sun & Eyewear,Sunglasses,Retro Sunglasses,,One Size,55,https://res.cloudinary.com/duvfdxql9/image/upload/v1788345354/Sunglasses_product_photography_202609021603_anim5l.jpg,,,0,4.4,TRUE
XTRN SlimFit Aviator Sunglasses,XTRN,Slim aviator sunglasses with UV protection and anti-reflective coating,1499,unisex,accessories,Sun & Eyewear,Sunglasses,Aviator Sunglasses,,One Size,40,https://res.cloudinary.com/duvfdxql9/image/upload/v1788345354/Sunglasses_product_photography_202609021605_acz2ic.jpg,,,15,4.7,FALSE
XTRN OverSize Shield Sunglasses,XTRN,Wide-frame oversized sunglasses offering maximum UV coverage,1199,unisex,accessories,Sun & Eyewear,Sunglasses,Shield Sunglasses,,One Size,60,https://res.cloudinary.com/duvfdxql9/image/upload/v1788345354/XTRN_aviator_sunglasses_product___202609021604_xrvtyr.jpg,,,0,4.3,FALSE